player_name,game_date,home,opponent,team,position,starter,age,height_inches,weight_lbs,injury_status,health_status,suspension_status,family_context,expected_minutes,salary_dk,salary_fd,implied_team_total,game_total,spread,rest_days,travel_miles
Andrew Wiggins,2026-03-05,1,BKN,MIA,PF,1.0,,,,Available,Tendinitis,,,,,,,,,2,
Bam Adebayo,2026-03-05,1,BKN,MIA,C,1.0,,,,,,,,,,,,,,2,
Davion Mitchell,2026-03-05,1,BKN,MIA,PG,1.0,,,,Available,Contusion,,,,,,,,,2,
Dru Smith,2026-03-05,1,BKN,MIA,,0.0,,,,Available,Injury/Illness -Left Ankle; Soreness Injury/Illness -Bilateral Knee; Patellar,,,,,,,,,5,
Jahmir Young,2026-03-05,1,BKN,MIA,,0.0,,,,,,,,,,,,,,2,
Jaime Jaquez Jr.,2026-03-05,1,BKN,MIA,,0.0,,,,,,,,,,,,,,2,
Kasparas Jakučionis,2026-03-05,1,BKN,MIA,,0.0,,,,,,,,,,,,,,2,
Kel'el Ware,2026-03-05,1,BKN,MIA,,0.0,,,,,,,,,,,,,,2,
Keshad Johnson,2026-03-05,1,BKN,MIA,,0.0,,,,Out,G League -On Assignment Injury/Illness -Low Back; Injury,,,,,,,,,12,
Myron Gardner,2026-03-05,1,BKN,MIA,,0.0,,,,,,,,,,,,,,2,
Nikola Jović,2026-03-05,1,BKN,MIA,,0.0,,,,,,,,,,,,,,13,
Norman Powell,2026-03-05,1,BKN,MIA,SG,0.0,,,,Out,Injury/Illness -Right Groin; Strain,,,,,,,,,7,
Pelle Larsson,2026-03-05,1,BKN,MIA,SF,1.0,,,,Available,Injury/Illness -Left 3rd Mallet; Finger Injury/Illness -Left Shoulder;,,,,,,,,,2,
Simone Fontecchio,2026-03-05,1,BKN,MIA,,0.0,,,,Out,Injury/Illness -Left Groin; Strain,,,,,,,,,2,
Trevor Keels,2026-03-05,1,BKN,MIA,,0.0,,,,Available,G League -Two-Way,,,,,,,,,12,
Tyler Herro,2026-03-05,1,BKN,MIA,SG,1.0,,,,,,,,,,,,,,2,
Vladislav Goldin,2026-03-05,1,BKN,MIA,,0.0,,,,Out,G League -Two-Way,,,,,,,,,32,
Ben Saraf,2026-03-05,0,MIA,BKN,,0.0,,,,,,,,,,,,,,2,
Danny Wolf,2026-03-05,0,MIA,BKN,,0.0,,,,,,,,,,,,,,2,
Day'Ron Sharpe,2026-03-05,0,MIA,BKN,,0.0,,,,,,,,,,,,,,2,
Drake Powell,2026-03-05,0,MIA,BKN,,0.0,,,,Out,G League -On Assignment,,,,,,,,,7,
E.J. Liddell,2026-03-05,0,MIA,BKN,,0.0,,,,Out,G League -Two-Way,,,,,,,,,32,
Egor Dëmin,2026-03-05,0,MIA,BKN,SG,0.0,,,,,,,,,,,,,,6,
Grant Nelson,2026-03-05,0,MIA,BKN,,0.0,,,,,,,,,,,,,,2,
Jalen Wilson,2026-03-05,0,MIA,BKN,,0.0,,,,,,,,,,,,,,2,
Josh Minott,2026-03-05,0,MIA,BKN,,0.0,,,,,,,,,,,,,,2,
Michael Porter Jr.,2026-03-05,0,MIA,BKN,SF,1.0,,,,,,,,,,,,,,2,
Nic Claxton,2026-03-05,0,MIA,BKN,C,1.0,,,,,,,,,,,,,,2,
Noah Clowney,2026-03-05,0,MIA,BKN,PF,1.0,,,,,,,,,,,,,,2,
Nolan Traore,2026-03-05,0,MIA,BKN,PG,1.0,,,,,,,,,,,,,,2,
Ochai Agbaji,2026-03-05,0,MIA,BKN,,0.0,,,,,,,,,,,,,,2,
Terance Mann,2026-03-05,0,MIA,BKN,SG,1.0,,,,,,,,,,,,,,2,
Tyson Etienne,2026-03-05,0,MIA,BKN,,0.0,,,,Out,G League -Two-Way,,,,,,,,,91,
Ziaire Williams,2026-03-05,0,MIA,BKN,,0.0,,,,,,,,,,,,,,2,
Aaron Holiday,2026-03-05,1,GSW,HOU,,0.0,,,,,,,,,,,,,,3,
Alperen Sengun,2026-03-05,1,GSW,HOU,C,1.0,,,,Questionable,Injury/Illness -N/a; Illness,,,,,,,,,3,
Amen Thompson,2026-03-05,1,GSW,HOU,SG,1.0,,,,Questionable,Injury/Illness -Right Ankle; Sprain,,,,,,,,,3,
Clint Capela,2026-03-05,1,GSW,HOU,,0.0,,,,,,,,,,,,,,3,
Dorian Finney-Smith,2026-03-05,1,GSW,HOU,,0.0,,,,,,,,,,,,,,3,
Isaiah Crawford,2026-03-05,1,GSW,HOU,,0.0,,,,,,,,,,,,,,5,
JD Davison,2026-03-05,1,GSW,HOU,,0.0,,,,,,,,,,,,,,8,
Jabari Smith Jr.,2026-03-05,1,GSW,HOU,PF,1.0,,,,Questionable,Injury/Illness -Right Ankle; Sprain,,,,,,,,,7,
Jae'Sean Tate,2026-03-05,1,GSW,HOU,,0.0,,,,Out,Injury/Illness -Right Knee; Sprain,,,,,,,,,12,
Jeff Green,2026-03-05,1,GSW,HOU,,0.0,,,,,,,,,,,,,,5,
Josh Okogie,2026-03-05,1,GSW,HOU,,0.0,,,,,,,,,,,,,,3,
Kevin Durant,2026-03-05,1,GSW,HOU,PF,1.0,,,,,,,,,,,,,,3,
Reed Sheppard,2026-03-05,1,GSW,HOU,PG,0.0,,,,,,,,,,,,,,3,
Steven Adams,2026-03-05,1,GSW,HOU,C,0.0,,,,Out,Injury/Illness -Left Ankle; Surgery,,,,,,,,,46,
Tari Eason,2026-03-05,1,GSW,HOU,SF,1.0,,,,,,,,,,,,,,3,
Al Horford,2026-03-05,0,HOU,GSW,C,1.0,,,,,,,,,,,,,,3,
Brandin Podziemski,2026-03-05,0,HOU,GSW,PG,1.0,,,,,,,,,,,,,,3,
De'Anthony Melton,2026-03-05,0,HOU,GSW,SG,1.0,,,,,,,,,,,,,,3,
Draymond Green,2026-03-05,0,HOU,GSW,PF,1.0,,,,,,,,,,,,,,3,
Gary Payton II,2026-03-05,0,HOU,GSW,,0.0,,,,Questionable,Impingement,,,,,,,,,5,
Gui Santos,2026-03-05,0,HOU,GSW,,1.0,,,,,,,,,,,,,,3,
Jimmy Butler III,2026-03-05,0,HOU,GSW,PF,0.0,,,,,,,,,,,,,,45,
Kristaps Porziņģis,2026-03-05,0,HOU,GSW,,0.0,,,,,,,,,,,,,,14,
LJ Cryer,2026-03-05,0,HOU,GSW,,0.0,,,,,,,,,,,,,,39,
Malevy Leons,2026-03-05,0,HOU,GSW,,0.0,,,,,,,,,,,,,,3,
Moses Moody,2026-03-05,0,HOU,GSW,SF,0.0,,,,Out,Injury/Illness -Right Wrist; Sprain Injury/Illness -Left Ankle;,,,,,,,,,3,
Nate Williams,2026-03-05,0,HOU,GSW,,0.0,,,,,,,,,,,,,,3,
Pat Spencer,2026-03-05,0,HOU,GSW,,0.0,,,,,,,,,,,,,,3,
Quinten Post,2026-03-05,0,HOU,GSW,,0.0,,,,,,,,,,,,,,3,
Seth Curry,2026-03-05,0,HOU,GSW,,0.0,,,,Out,Irritation Injury/Illness -Right Patellofemoral;,,,,,,,,,91,
Stephen Curry,2026-03-05,0,HOU,GSW,PG,0.0,,,,Out,Pain Syndrome,,,,,,,,,34,
Will Richard,2026-03-05,0,HOU,GSW,,0.0,,,,Out,Injury/Illness -Right Ankle; Sprain,,,,,,,,,5,
Anthony Black,2026-03-05,1,DAL,ORL,PG,1.0,,,,Questionable,Injury/Illness- Right Quad; Contusion,,,,,,,,,7,
Desmond Bane,2026-03-05,1,DAL,ORL,SG,1.0,,,,,,,,,,,,,,2,
Franz Wagner,2026-03-05,1,DAL,ORL,,0.0,,,,Out,injurymanagement UTA@WAS Utah Jazz NOT YET SUBMITTED,,,,,,,,,22,
Goga Bitadze,2026-03-05,1,DAL,ORL,C,0.0,,,,,,,,,,,,,,2,
Jalen Suggs,2026-03-05,1,DAL,ORL,PG,1.0,,,,,,,,,,,,,,2,
Jamal Cain,2026-03-05,1,DAL,ORL,,0.0,,,,,,,,,,,,,,2,
Jase Richardson,2026-03-05,1,DAL,ORL,,0.0,,,,,,,,,,,,,,2,
Jett Howard,2026-03-05,1,DAL,ORL,,0.0,,,,,,,,,,,,,,2,
Jevon Carter,2026-03-05,1,DAL,ORL,,0.0,,,,,,,,,,,,,,2,
Jonathan Isaac,2026-03-05,1,DAL,ORL,,0.0,,,,Questionable,Injury/Illness- Left Knee; Soreness Injury/Illness- Left High Ankle; Sprain,,,,,,,,,2,
Moritz Wagner,2026-03-05,1,DAL,ORL,,0.0,,,,,,,,,,,,,,2,
Noah Penda,2026-03-05,1,DAL,ORL,,0.0,,,,,,,,,,,,,,2,
Orlando Robinson,2026-03-05,1,DAL,ORL,,0.0,,,,,,,,,,,,,,69,
Paolo Banchero,2026-03-05,1,DAL,ORL,PF,1.0,,,,,,,,,,,,,,2,
Tristan da Silva,2026-03-05,1,DAL,ORL,SF,0.0,,,,,,,,,,,,,,2,
Wendell Carter Jr.,2026-03-05,1,DAL,ORL,C,1.0,,,,Questionable,Injury/Illness- Left Ankle; Soreness,,,,,,,,,4,
AJ Johnson,2026-03-05,0,ORL,DAL,,0.0,,,,,,,,,,,,,,2,
Anthony Davis,2026-03-05,0,ORL,DAL,PF,0.0,,,,,,,,,,,,,,56,
Brandon Williams,2026-03-05,0,ORL,DAL,PG,0.0,,,,Questionable,Injury/Illness- Left Quad; Contusion,,,,,,,,,2,
Caleb Martin,2026-03-05,0,ORL,DAL,,0.0,,,,,,,,,,,,,,2,
Cooper Flagg,2026-03-05,0,ORL,DAL,SF,1.0,,,,Questionable,Injury/Illness- Left Midfoot; Sprain,,,,,,,,,23,
D'Angelo Russell,2026-03-05,0,ORL,DAL,,0.0,,,,,,,,,,,,,,54,
Daniel Gafford,2026-03-05,0,ORL,DAL,C,1.0,,,,,,,,,,,,,,2,
Dereck Lively II,2026-03-05,0,ORL,DAL,,0.0,,,,Out,Injury/Illness- Right Foot; Surgery Injury/Illness- Right Finger;,,,,,,,,,104,
Dwight Powell,2026-03-05,0,ORL,DAL,,0.0,,,,,,,,,,,,,,2,
Jeremiah Robinson-Earl,2026-03-05,0,ORL,DAL,,0.0,,,,,,,,,,,,,,40,
John Poulakidas,2026-03-05,0,ORL,DAL,,0.0,,,,Doubtful,G League - Two-Way,,,,,,,,,2,
Khris Middleton,2026-03-05,0,ORL,DAL,SF,1.0,,,,,,,,,,,,,,2,
Klay Thompson,2026-03-05,0,ORL,DAL,,0.0,,,,Probable,Contusion,,,,,,,,,4,
Marvin Bagley III,2026-03-05,0,ORL,DAL,C,0.0,,,,,,,,,,,,,,7,
Max Christie,2026-03-05,0,ORL,DAL,SG,1.0,,,,,,,,,,,,,,2,
Miles Kelly,2026-03-05,0,ORL,DAL,,0.0,,,,,,,,,,,,,,6,
Moussa Cisse,2026-03-05,0,ORL,DAL,,0.0,,,,Doubtful,G League - Two-Way,,,,,,,,,4,
Naji Marshall,2026-03-05,0,ORL,DAL,SF,0.0,,,,Probable,Contusion,,,,,,,,,6,
P.J. Washington,2026-03-05,0,ORL,DAL,PF,1.0,,,,,,,,,,,,,,2,
Ryan Nembhard,2026-03-05,0,ORL,DAL,,0.0,,,,,,,,,,,,,,2,
Tyus Jones,2026-03-05,0,ORL,DAL,,0.0,,,,,,,,,,,,,,6,
Alex Sarr,2026-03-05,1,UTA,WAS,C,0.0,,,,Out,Strain,,,,,,,,,25,
Alondes Williams,2026-03-05,1,UTA,WAS,,0.0,,,,,,,,,,,,,,9,
Anthony Gill,2026-03-05,1,UTA,WAS,,0.0,,,,Questionable,Injury/Illness -N/a; Illness,,,,,,,,,5,
Bilal Coulibaly,2026-03-05,1,UTA,WAS,SF,1.0,,,,,,,,,,,,,,2,
Bub Carrington,2026-03-05,1,UTA,WAS,PG,0.0,,,,,,,,,,,,,,2,
Cam Whitmore,2026-03-05,1,UTA,WAS,,0.0,,,,Out,Vein Thrombosis Injury/Illness -Left Plantar Fascia;,,,,,,,,,91,
Jaden Hardy,2026-03-05,1,UTA,WAS,,0.0,,,,,,,,,,,,,,2,
Jamir Watkins,2026-03-05,1,UTA,WAS,,0.0,,,,Out,Sprain Injury/Illness -Right Shoulder; Deep,,,,,,,,,3,
Julian Reese,2026-03-05,1,UTA,WAS,C,1.0,,,,,,,,,,,,,,2,
Justin Champagnie,2026-03-05,1,UTA,WAS,,0.0,,,,,,,,,,,,,,2,
Kadary Richmond,2026-03-05,1,UTA,WAS,,0.0,,,,,,,,,,,,,,13,
Keshon Gilbert,2026-03-05,1,UTA,WAS,,0.0,,,,,,,,,,,,,,22,
Kyshawn George,2026-03-05,1,UTA,WAS,PF,0.0,,,,Out,Injury/Illness -Left Elbow; Sprain,,,,,,,,,3,
Leaky Black,2026-03-05,1,UTA,WAS,,1.0,,,,,,,,,,,,,,2,
Malaki Branham,2026-03-05,1,UTA,WAS,,0.0,,,,,,,,,,,,,,34,
Sharife Cooper,2026-03-05,1,UTA,WAS,,0.0,,,,,,,,,,,,,,2,
Skal Labissiere,2026-03-05,1,UTA,WAS,,0.0,,,,,,,,,,,,,,30,
Tre Johnson,2026-03-05,1,UTA,WAS,SG,1.0,,,,,,,,,,,,,,2,
Tristan Vukcevic,2026-03-05,1,UTA,WAS,C,0.0,,,,Out,Injury/Illness -Left Thigh; Contusion Injury/Illness -Left Ankle; Foot;,,,,,,,,,5,
Will Riley,2026-03-05,1,UTA,WAS,PF,0.0,,,,,,,,,,,,,,2,
Ace Bailey,2026-03-05,0,WAS,UTA,PF,1.0,,,,,,,,,,,,,,1,
Blake Hinson,2026-03-05,0,WAS,UTA,,0.0,,,,,,,,,,,,,,1,
Brice Sensabaugh,2026-03-05,0,WAS,UTA,,0.0,,,,,,,,,,,,,,1,
Cody Williams,2026-03-05,0,WAS,UTA,SF,1.0,,,,,,,,,,,,,,1,
Elijah Harkless,2026-03-05,0,WAS,UTA,SG,0.0,,,,,,,,,,,,,,1,
Isaiah Collier,2026-03-05,0,WAS,UTA,,1.0,,,,,,,,,,,,,,1,
Jaren Jackson Jr.,2026-03-05,0,WAS,UTA,PF,0.0,,,,,,,,,,,,,,22,
John Konchar,2026-03-05,0,WAS,UTA,,1.0,,,,,,,,,,,,,,1,
Jusuf Nurkić,2026-03-05,0,WAS,UTA,C,0.0,,,,,,,,,,,,,,22,
Kevin Love,2026-03-05,0,WAS,UTA,,0.0,,,,,,,,,,,,,,5,
Keyonte George,2026-03-05,0,WAS,UTA,PG,0.0,,,,,,,,,,,,,,1,
Kyle Filipowski,2026-03-05,0,WAS,UTA,C,1.0,,,,,,,,,,,,,,1,
Lauri Markkanen,2026-03-05,0,WAS,UTA,PF,0.0,,,,,,,,,,,,,,10,
Mo Bamba,2026-03-05,0,WAS,UTA,,0.0,,,,,,,,,,,,,,1,
Oscar Tshiebwe,2026-03-05,0,WAS,UTA,,0.0,,,,,,,,,,,,,,1,
Svi Mykhailiuk,2026-03-05,0,WAS,UTA,,0.0,,,,,,,,,,,,,,3,
Vince Williams Jr.,2026-03-05,0,WAS,UTA,,0.0,,,,,,,,,,,,,,10,
Walker Kessler,2026-03-05,0,WAS,UTA,C,0.0,,,,,,,,,,,,,,125,
Anthony Edwards,2026-03-05,1,TOR,MIN,SG,1.0,,,,Questionable,Maintenance,,,,,,115.75,226.5,-5.0,2,
Ayo Dosunmu,2026-03-05,1,TOR,MIN,,0.0,,,,,,,,,,,115.75,226.5,-5.0,2,
Bones Hyland,2026-03-05,1,TOR,MIN,,0.0,,,,,,,,,,,115.75,226.5,-5.0,2,
Donte DiVincenzo,2026-03-05,1,TOR,MIN,PG,1.0,,,,,,,,,,,115.75,226.5,-5.0,2,
Enrique Freeman,2026-03-05,1,TOR,MIN,,0.0,,,,Out,G League -Two-Way,,,,,,115.75,226.5,-5.0,22,
Jaden McDaniels,2026-03-05,1,TOR,MIN,SF,1.0,,,,,,,,,,,115.75,226.5,-5.0,2,
Jaylen Clark,2026-03-05,1,TOR,MIN,,0.0,,,,Questionable,Injury/Illness -N/A; Illness Injury/Illness -Right Foot; Injury,,,,,,115.75,226.5,-5.0,11,
Joan Beringer,2026-03-05,1,TOR,MIN,C,0.0,,,,,,,,,,,115.75,226.5,-5.0,11,
Joe Ingles,2026-03-05,1,TOR,MIN,,0.0,,,,Out,Personal Reasons,,,,,,115.75,226.5,-5.0,11,
Johnny Juzang,2026-03-05,1,TOR,MIN,,0.0,,,,,,,,,,,115.75,226.5,-5.0,27,
Julian Phillips,2026-03-05,1,TOR,MIN,,0.0,,,,,,,,,,,115.75,226.5,-5.0,11,
Julius Randle,2026-03-05,1,TOR,MIN,PF,1.0,,,,,,,,,,,115.75,226.5,-5.0,2,
Kyle Anderson,2026-03-05,1,TOR,MIN,,0.0,,,,,,,,,,,115.75,226.5,-5.0,2,
Mike Conley,2026-03-05,1,TOR,MIN,,0.0,,,,,,,,,,,115.75,226.5,-5.0,7,
Naz Reid,2026-03-05,1,TOR,MIN,,0.0,,,,,,,,,,,115.75,226.5,-5.0,2,
Rocco Zikarsky,2026-03-05,1,TOR,MIN,,0.0,,,,Out,G League -Two-Way,,,,,,115.75,226.5,-5.0,11,
Rudy Gobert,2026-03-05,1,TOR,MIN,C,1.0,,,,,,,,,,,115.75,226.5,-5.0,2,
Terrence Shannon Jr.,2026-03-05,1,TOR,MIN,,0.0,,,,,,,,,,,115.75,226.5,-5.0,7,
A.J. Lawson,2026-03-05,0,MIN,TOR,,0.0,,,,Out,G League -Two-Way,,,,,,110.75,226.5,5.0,2,
Alijah Martin,2026-03-05,0,MIN,TOR,,0.0,,,,Out,G League -Two-Way,,,,,,110.75,226.5,5.0,2,
Brandon Ingram,2026-03-05,0,MIN,TOR,SF,1.0,,,,Questionable,Injury/Illness -Left Thumb; Sprain,,,,,,110.75,226.5,5.0,2,
Chucky Hepburn,2026-03-05,0,MIN,TOR,,0.0,,,,Out,G League -Two-Way,,,,,,110.75,226.5,5.0,86,
Collin Murray-Boyles,2026-03-05,0,MIN,TOR,C,0.0,,,,Out,Injury/Illness -Left Thumb; Sprain,,,,,,110.75,226.5,5.0,8,
Garrett Temple,2026-03-05,0,MIN,TOR,,0.0,,,,,,,,,,,110.75,226.5,5.0,11,
Gradey Dick,2026-03-05,0,MIN,TOR,,0.0,,,,,,,,,,,110.75,226.5,5.0,2,
Immanuel Quickley,2026-03-05,0,MIN,TOR,PG,1.0,,,,,,,,,,,110.75,226.5,5.0,2,
Ja'Kobe Walter,2026-03-05,0,MIN,TOR,,0.0,,,,,,,,,,,110.75,226.5,5.0,2,
Jakob Poeltl,2026-03-05,0,MIN,TOR,C,1.0,,,,,,,,,,,110.75,226.5,5.0,2,
Jamal Shead,2026-03-05,0,MIN,TOR,,0.0,,,,,,,,,,,110.75,226.5,5.0,2,
Jamison Battle,2026-03-05,0,MIN,TOR,,0.0,,,,,,,,,,,110.75,226.5,5.0,2,
Jonathan Mogbo,2026-03-05,0,MIN,TOR,,0.0,,,,,,,,,,,110.75,226.5,5.0,2,
RJ Barrett,2026-03-05,0,MIN,TOR,SG,1.0,,,,,,,,,,,110.75,226.5,5.0,2,
Sandro Mamukelashvili,2026-03-05,0,MIN,TOR,,0.0,,,,,,,,,,,110.75,226.5,5.0,2,
Scottie Barnes,2026-03-05,0,MIN,TOR,PF,1.0,,,,,,,,,,,110.75,226.5,5.0,2,
Trayce Jackson-Davis,2026-03-05,0,MIN,TOR,,0.0,,,,,,,,,,,110.75,226.5,5.0,2,
Bismack Biyombo,2026-03-05,1,DET,SAS,,0.0,,,,,,,,,,,115.62,228.5,-2.75,2,
Carter Bryant,2026-03-05,1,DET,SAS,,0.0,,,,,,,,,,,115.62,228.5,-2.75,2,
David Jones Garcia,2026-03-05,1,DET,SAS,,0.0,,,,Out,G League -Two-Way,,,,,,115.62,228.5,-2.75,57,
De'Aaron Fox,2026-03-05,1,DET,SAS,PG,1.0,,,,,,,,,,,115.62,228.5,-2.75,2,
Devin Vassell,2026-03-05,1,DET,SAS,PF,1.0,,,,,,,,,,,115.62,228.5,-2.75,2,
Dylan Harper,2026-03-05,1,DET,SAS,,0.0,,,,,,,,,,,115.62,228.5,-2.75,2,
Harrison Barnes,2026-03-05,1,DET,SAS,,0.0,,,,Out,Injury/Illness -Left Ankle; Soreness,,,,,,115.62,228.5,-2.75,4,
Harrison Ingram,2026-03-05,1,DET,SAS,,0.0,,,,Out,G League -Two-Way,,,,,,115.62,228.5,-2.75,12,
Jordan McLaughlin,2026-03-05,1,DET,SAS,,0.0,,,,,,,,,,,115.62,228.5,-2.75,2,
Julian Champagnie,2026-03-05,1,DET,SAS,SF,1.0,,,,,,,,,,,115.62,228.5,-2.75,2,
Keldon Johnson,2026-03-05,1,DET,SAS,,0.0,,,,,,,,,,,115.62,228.5,-2.75,2,
Kelly Olynyk,2026-03-05,1,DET,SAS,,0.0,,,,,,,,,,,115.62,228.5,-2.75,2,
Lindy Waters III,2026-03-05,1,DET,SAS,,0.0,,,,,,,,,,,115.62,228.5,-2.75,2,
Luke Kornet,2026-03-05,1,DET,SAS,,0.0,,,,,,,,,,,115.62,228.5,-2.75,2,
Riley Minix,2026-03-05,1,DET,SAS,,0.0,,,,,,,,,,,115.62,228.5,-2.75,123,
Stanley Umude,2026-03-05,1,DET,SAS,,0.0,,,,,,,,,,,115.62,228.5,-2.75,12,
Stephon Castle,2026-03-05,1,DET,SAS,SG,1.0,,,,,,,,,,,115.62,228.5,-2.75,2,
Victor Wembanyama,2026-03-05,1,DET,SAS,C,1.0,,,,,,,,,,,115.62,228.5,-2.75,2,
Ausar Thompson,2026-03-05,0,SAS,DET,SF,1.0,,,,,,,,,,,112.88,228.5,2.75,2,
Bobi Klintman,2026-03-05,0,SAS,DET,,0.0,,,,,,,,,,,112.88,228.5,2.75,22,
Cade Cunningham,2026-03-05,0,SAS,DET,PG,1.0,,,,,,,,,,,112.88,228.5,2.75,2,
Caris LeVert,2026-03-05,0,SAS,DET,,0.0,,,,,,,,,,,112.88,228.5,2.75,2,
Chaz Lanier,2026-03-05,0,SAS,DET,,0.0,,,,,,,,,,,112.88,228.5,2.75,22,
Colby Jones,2026-03-05,0,SAS,DET,,0.0,,,,,,,,,,,112.88,228.5,2.75,129,
Daniss Jenkins,2026-03-05,0,SAS,DET,,0.0,,,,,,,,,,,112.88,228.5,2.75,2,
Duncan Robinson,2026-03-05,0,SAS,DET,SG,1.0,,,,,,,,,,,112.88,228.5,2.75,2,
Isaac Jones,2026-03-05,0,SAS,DET,,0.0,,,,,,,,,,,112.88,228.5,2.75,108,
Isaiah Stewart,2026-03-05,0,SAS,DET,,0.0,,,,,,,,,,,112.88,228.5,2.75,2,
Jalen Duren,2026-03-05,0,SAS,DET,C,1.0,,,,,,,,,,,112.88,228.5,2.75,2,
Javonte Green,2026-03-05,0,SAS,DET,,0.0,,,,,,,,,,,112.88,228.5,2.75,2,
Kevin Huerter,2026-03-05,0,SAS,DET,,0.0,,,,,,,,,,,112.88,228.5,2.75,8,
Marcus Sasser,2026-03-05,0,SAS,DET,,0.0,,,,,,,,,,,112.88,228.5,2.75,6,
Paul Reed,2026-03-05,0,SAS,DET,,0.0,,,,,,,,,,,112.88,228.5,2.75,4,
Ronald Holland II,2026-03-05,0,SAS,DET,,0.0,,,,,,,,,,,112.88,228.5,2.75,2,
Tobias Harris,2026-03-05,0,SAS,DET,PF,1.0,,,,,,,,,,,112.88,228.5,2.75,2,
Tolu Smith,2026-03-05,0,SAS,DET,,0.0,,,,Out,G League -Two-Way,,,,,,112.88,228.5,2.75,14,
Wendell Moore Jr.,2026-03-05,0,SAS,DET,,0.0,,,,Out,G League -Two-Way,,,,,,112.88,228.5,2.75,27,
Amir Coffey,2026-03-05,1,CHI,PHX,,0.0,,,,,,,,,,,117.62,223.5,-11.75,2,
Collin Gillespie,2026-03-05,1,CHI,PHX,PG,1.0,,,,,,,,,,,117.62,223.5,-11.75,2,
Devin Booker,2026-03-05,1,CHI,PHX,SG,1.0,,,,,,,,,,,117.62,223.5,-11.75,2,
Dillon Brooks,2026-03-05,1,CHI,PHX,SF,0.0,,,,Out,Injury/Illness -Left Hand; Fracture,,,,,,117.62,223.5,-11.75,12,
Grayson Allen,2026-03-05,1,CHI,PHX,,0.0,,,,,,,,,,,117.62,223.5,-11.75,2,
Isaiah Livers,2026-03-05,1,CHI,PHX,,0.0,,,,,,,,,,,117.62,223.5,-11.75,11,
Jalen Green,2026-03-05,1,CHI,PHX,SF,1.0,,,,,,,,,,,117.62,223.5,-11.75,2,
Jamaree Bouyea,2026-03-05,1,CHI,PHX,,0.0,,,,,,,,,,,117.62,223.5,-11.75,7,
Jordan Goodwin,2026-03-05,1,CHI,PHX,,0.0,,,,Out,Injury/Illness -Left Calf; Strain,,,,,,117.62,223.5,-11.75,12,
Khaman Maluach,2026-03-05,1,CHI,PHX,,0.0,,,,,,,,,,,117.62,223.5,-11.75,9,
Koby Brea,2026-03-05,1,CHI,PHX,,0.0,,,,,,,,,,,117.62,223.5,-11.75,9,
Mark Williams,2026-03-05,1,CHI,PHX,C,0.0,,,,Out,Injury/Illness -Left Foot; Soreness,,,,,,117.62,223.5,-11.75,2,
Nigel Hayes-Davis,2026-03-05,1,CHI,PHX,,0.0,,,,,,,,,,,117.62,223.5,-11.75,34,
Oso Ighodaro,2026-03-05,1,CHI,PHX,,1.0,,,,,,,,,,,117.62,223.5,-11.75,2,
Rasheer Fleming,2026-03-05,1,CHI,PHX,,0.0,,,,,,,,,,,117.62,223.5,-11.75,2,
Royce O'Neale,2026-03-05,1,CHI,PHX,PF,1.0,,,,,,,,,,,117.62,223.5,-11.75,2,
Ryan Dunn,2026-03-05,1,CHI,PHX,,0.0,,,,,,,,,,,117.62,223.5,-11.75,2,
Anfernee Simons,2026-03-05,0,PHX,CHI,,0.0,,,,Out,Fracture,,,,,,105.88,223.5,11.75,12,
Collin Sexton,2026-03-05,0,PHX,CHI,,1.0,,,,,,,,,,,105.88,223.5,11.75,2,
Emanuel Miller,2026-03-05,0,PHX,CHI,,0.0,,,,,,,,,,,105.88,223.5,11.75,88,
Guerschon Yabusele,2026-03-05,0,PHX,CHI,C,1.0,,,,,,,,,,,105.88,223.5,11.75,2,
Isaac Okoro,2026-03-05,0,PHX,CHI,SF,1.0,,,,,,,,,,,105.88,223.5,11.75,2,
Jaden Ivey,2026-03-05,0,PHX,CHI,,0.0,,,,Out,Pain Syndrome Injury/Illness -Left Ulnar Styloid;,,,,,,105.88,223.5,11.75,22,
Jalen Smith,2026-03-05,0,PHX,CHI,PF,0.0,,,,Doubtful,Injury/Illness -Right Calf;Strain Injury/Illness -Right Quadricep;,,,,,,105.88,223.5,11.75,11,
Josh Giddey,2026-03-05,0,PHX,CHI,PG,0.0,,,,Questionable,Injury/Illness -Right Ankle; Sprain Injury/Illness -Left Patellofemoral;,,,,,,105.88,223.5,11.75,2,
Lachlan Olbrich,2026-03-05,0,PHX,CHI,,0.0,,,,,,,,,,,105.88,223.5,11.75,2,
Leonard Miller,2026-03-05,0,PHX,CHI,,1.0,,,,,,,,,,,105.88,223.5,11.75,2,
Mac McClung,2026-03-05,0,PHX,CHI,,0.0,,,,,,,,,,,105.88,223.5,11.75,28,
Matas Buzelis,2026-03-05,0,PHX,CHI,PF,0.0,,,,,,,,,,,105.88,223.5,11.75,2,
Nick Richards,2026-03-05,0,PHX,CHI,,0.0,,,,,,,,,,,105.88,223.5,11.75,2,
Noa Essengue,2026-03-05,0,PHX,CHI,,0.0,,,,Out,Injury/Illness -Left Shoulder; Surgery,,,,,,105.88,223.5,11.75,101,
Patrick Williams,2026-03-05,0,PHX,CHI,PF,0.0,,,,Doubtful,Strain,,,,,,105.88,223.5,11.75,9,
Rob Dillingham,2026-03-05,0,PHX,CHI,,0.0,,,,,,,,,,,105.88,223.5,11.75,2,
Tre Jones,2026-03-05,0,PHX,CHI,SG,1.0,,,,,,,,,,,105.88,223.5,11.75,2,
Trentyn Flowers,2026-03-05,0,PHX,CHI,,0.0,,,,,,,,,,,105.88,223.5,11.75,88,
Yuki Kawamura,2026-03-05,0,PHX,CHI,,0.0,,,,,,,,,,,105.88,223.5,11.75,4,
Zach Collins,2026-03-05,0,PHX,CHI,,0.0,,,,Out,Injury/Illness -Right 1st Toe; Surgery,,,,,,105.88,223.5,11.75,68,
Aaron Gordon,2026-03-05,1,LAL,DEN,PF,0.0,,,,Out,Strain Injury/Illness -Right Ankle;,,,,,,122.5,240.5,-4.5,41,
Bruce Brown,2026-03-05,1,LAL,DEN,,0.0,,,,,,,,,,,122.5,240.5,-4.5,3,
Cameron Johnson,2026-03-05,1,LAL,DEN,PF,1.0,,,,Questionable,Inflammation,,,,,,122.5,240.5,-4.5,4,
Christian Braun,2026-03-05,1,LAL,DEN,SF,1.0,,,,,,,,,,,122.5,240.5,-4.5,3,
Curtis Jones,2026-03-05,1,LAL,DEN,,0.0,,,,Out,G League -Two-Way,,,,,,122.5,240.5,-4.5,41,
DaRon Holmes II,2026-03-05,1,LAL,DEN,,0.0,,,,,,,,,,,122.5,240.5,-4.5,4,
Hunter Tyson,2026-03-05,1,LAL,DEN,,0.0,,,,,,,,,,,122.5,240.5,-4.5,32,
Jalen Pickett,2026-03-05,1,LAL,DEN,,0.0,,,,,,,,,,,122.5,240.5,-4.5,3,
Jamal Murray,2026-03-05,1,LAL,DEN,PG,1.0,,,,,,,,,,,122.5,240.5,-4.5,3,
Jonas Valančiūnas,2026-03-05,1,LAL,DEN,PF,0.0,,,,,,,,,,,122.5,240.5,-4.5,3,
Julian Strawther,2026-03-05,1,LAL,DEN,SG,1.0,,,,,,,,,,,122.5,240.5,-4.5,3,
KJ Simpson,2026-03-05,1,LAL,DEN,,0.0,,,,,,,,,,,122.5,240.5,-4.5,4,
Nikola Jokić,2026-03-05,1,LAL,DEN,C,1.0,,,,,,,,,,,122.5,240.5,-4.5,3,
Peyton Watson,2026-03-05,1,LAL,DEN,PF,0.0,,,,Out,Strain,,,,,,122.5,240.5,-4.5,29,
Spencer Jones,2026-03-05,1,LAL,DEN,,0.0,,,,Out,Injury/Illness -Right Shoulder; Strain Injury/Illness -Right Hamstring;,,,,,,122.5,240.5,-4.5,6,
Tim Hardaway Jr.,2026-03-05,1,LAL,DEN,,0.0,,,,,,,,,,,122.5,240.5,-4.5,3,
Zeke Nnaji,2026-03-05,1,LAL,DEN,,0.0,,,,,,,,,,,122.5,240.5,-4.5,3,
Adou Thiero,2026-03-05,0,DEN,LAL,,0.0,,,,,,,,,,,118.0,240.5,4.5,4,
Austin Reaves,2026-03-05,0,DEN,LAL,SG,1.0,,,,,,,,,,,118.0,240.5,4.5,2,
Bronny James,2026-03-05,0,DEN,LAL,,0.0,,,,,,,,,,,118.0,240.5,4.5,4,
Chris Mañon,2026-03-05,0,DEN,LAL,,0.0,,,,,,,,,,,118.0,240.5,4.5,23,
Dalton Knecht,2026-03-05,0,DEN,LAL,,0.0,,,,,,,,,,,118.0,240.5,4.5,4,
Deandre Ayton,2026-03-05,0,DEN,LAL,C,1.0,,,,,,,,,,,118.0,240.5,4.5,2,
Drew Timme,2026-03-05,0,DEN,LAL,,0.0,,,,,,,,,,,118.0,240.5,4.5,21,
Jake LaRavia,2026-03-05,0,DEN,LAL,,0.0,,,,,,,,,,,118.0,240.5,4.5,2,
Jarred Vanderbilt,2026-03-05,0,DEN,LAL,,0.0,,,,,,,,,,,118.0,240.5,4.5,5,
Jaxson Hayes,2026-03-05,0,DEN,LAL,,0.0,,,,,,,,,,,118.0,240.5,4.5,2,
Kobe Bufkin,2026-03-05,0,DEN,LAL,,0.0,,,,,,,,,,,118.0,240.5,4.5,4,
LeBron James,2026-03-05,0,DEN,LAL,SF,1.0,,,,,,,,,,,118.0,240.5,4.5,2,
Luka Dončić,2026-03-05,0,DEN,LAL,PG,1.0,,,,,,,,,,,118.0,240.5,4.5,2,
Luke Kennard,2026-03-05,0,DEN,LAL,,0.0,,,,,,,,,,,118.0,240.5,4.5,2,
Marcus Smart,2026-03-05,0,DEN,LAL,PF,1.0,,,,,,,,,,,118.0,240.5,4.5,2,
Maxi Kleber,2026-03-05,0,DEN,LAL,,0.0,,,,,,,,,,,118.0,240.5,4.5,4,
Nick Smith Jr.,2026-03-05,0,DEN,LAL,,0.0,,,,,,,,,,,118.0,240.5,4.5,23,
Rui Hachimura,2026-03-05,0,DEN,LAL,,0.0,,,,,,,,,,,118.0,240.5,4.5,2,
Daeqwon Plowden,2026-03-05,1,NOP,SAC,,0.0,,,,,,,,,,,114.5,234.5,5.5,2,
Dario Šarić,2026-03-05,1,NOP,SAC,,0.0,,,,,,,,,,,114.5,234.5,5.5,75,
De'Andre Hunter,2026-03-05,1,NOP,SAC,PF,0.0,,,,Out,Repair Injury/Illness -Right 5th Finger;,,,,,,114.5,234.5,5.5,27,
DeMar DeRozan,2026-03-05,1,NOP,SAC,SF,1.0,,,,,,,,,,,114.5,234.5,5.5,2,
Devin Carter,2026-03-05,1,NOP,SAC,,0.0,,,,,,,,,,,114.5,234.5,5.5,2,
Domantas Sabonis,2026-03-05,1,NOP,SAC,C,0.0,,,,Out,Injury/Illness -Left Knee; Meniscus Repair Boston Celtics NOT YET SUBMITTED MIA@CHA Miami Heat NOT YET SUBMITTED Charlotte Hornets NOT YET SUBMITTED 08:00 (ET) POR@HOU Portland TrailBlazers NOT YET SUBMITTED Houston Rockets NOT YET SUBMITTED 09:00 (ET) NOP@PHX New Orleans Pelicans NOT YET SUBMITTED Phoenix Suns NOT YET SUBMITTED NYK@DEN New York Knicks NOT YET SUBMITTED Denver Nuggets NOT YET SUBMITTED 09:30 (ET) LAC@SAS LA Clippers NOT YET SUBMITTED San Antonio Spurs NOT YET SUBMITTED 10:30 (ET) IND@LAL Indiana Pacers NOT YET SUBMITTED Los Angeles Lakers NOT YET SUBMITTED,,,,,,114.5,234.5,5.5,29,
Doug McDermott,2026-03-05,1,NOP,SAC,,0.0,,,,,,,,,,,114.5,234.5,5.5,12,
Drew Eubanks,2026-03-05,1,NOP,SAC,,0.0,,,,,,,,,,,114.5,234.5,5.5,2,
Dylan Cardwell,2026-03-05,1,NOP,SAC,,0.0,,,,Out,Injury/Illness -Left Ankle; Sprain Injury/Illness -Left Eye; Retinal,,,,,,114.5,234.5,5.5,22,
Isaiah Stevens,2026-03-05,1,NOP,SAC,,0.0,,,,,,,,,,,114.5,234.5,5.5,22,
Keegan Murray,2026-03-05,1,NOP,SAC,SF,0.0,,,,Out,Injury/Illness -Left Ankle; Sprain,,,,,,114.5,234.5,5.5,8,
Killian Hayes,2026-03-05,1,NOP,SAC,,0.0,,,,,,,,,,,114.5,234.5,5.5,2,
Malik Monk,2026-03-05,1,NOP,SAC,,0.0,,,,,,,,,,,114.5,234.5,5.5,2,
Maxime Raynaud,2026-03-05,1,NOP,SAC,C,1.0,,,,,,,,,,,114.5,234.5,5.5,2,
Nique Clifford,2026-03-05,1,NOP,SAC,SG,1.0,,,,,,,,,,,114.5,234.5,5.5,2,
Patrick Baldwin Jr.,2026-03-05,1,NOP,SAC,,0.0,,,,,,,,,,,114.5,234.5,5.5,4,
Precious Achiuwa,2026-03-05,1,NOP,SAC,PF,1.0,,,,,,,,,,,114.5,234.5,5.5,2,
Russell Westbrook,2026-03-05,1,NOP,SAC,PG,1.0,,,,,,,,,,,114.5,234.5,5.5,2,
Zach LaVine,2026-03-05,1,NOP,SAC,SG,0.0,,,,Out,Tendon Repair,,,,,,114.5,234.5,5.5,27,
Bryce McGowens,2026-03-05,0,SAC,NOP,,0.0,,,,,,,,,,,120.0,234.5,-5.5,2,
DeAndre Jordan,2026-03-05,0,SAC,NOP,,1.0,,,,,,,,,,,120.0,234.5,-5.5,2,
Dejounte Murray,2026-03-05,0,SAC,NOP,PG,0.0,,,,Out,Reconditioning,,,,,,120.0,234.5,-5.5,2,
Derik Queen,2026-03-05,0,SAC,NOP,,0.0,,,,,,,,,,,120.0,234.5,-5.5,2,
Herbert Jones,2026-03-05,0,SAC,NOP,C,1.0,,,,,,,,,,,120.0,234.5,-5.5,2,
Hunter Dickinson,2026-03-05,0,SAC,NOP,,0.0,,,,Out,G League -Two-Way,,,,,,120.0,234.5,-5.5,134,
Jeremiah Fears,2026-03-05,0,SAC,NOP,,0.0,,,,,,,,,,,120.0,234.5,-5.5,2,
Jordan Hawkins,2026-03-05,0,SAC,NOP,,0.0,,,,,,,,,,,120.0,234.5,-5.5,4,
Jordan Poole,2026-03-05,0,SAC,NOP,,0.0,,,,,,,,,,,120.0,234.5,-5.5,5,
Karlo Matković,2026-03-05,0,SAC,NOP,,0.0,,,,,,,,,,,120.0,234.5,-5.5,4,
Kevon Looney,2026-03-05,0,SAC,NOP,,0.0,,,,,,,,,,,120.0,234.5,-5.5,22,
Micah Peavy,2026-03-05,0,SAC,NOP,,0.0,,,,,,,,,,,120.0,234.5,-5.5,4,
Saddiq Bey,2026-03-05,0,SAC,NOP,SF,1.0,,,,,,,,,,,120.0,234.5,-5.5,2,
Trey Alexander,2026-03-05,0,SAC,NOP,,0.0,,,,Out,G League -Two-Way,,,,,,120.0,234.5,-5.5,55,
Trey Murphy III,2026-03-05,0,SAC,NOP,SG,1.0,,,,,,,,,,,120.0,234.5,-5.5,2,
Yves Missi,2026-03-05,0,SAC,NOP,,0.0,,,,,,,,,,,120.0,234.5,-5.5,2,
Zion Williamson,2026-03-05,0,SAC,NOP,PF,1.0,,,,Questionable,Injury/Illness -Right Ankle; Sprain,,,,,,120.0,234.5,-5.5,2,
Amari Williams,2026-03-06,1,DAL,BOS,,0.0,,,,,,,,,,,120.25,225.0,-15.5,4,
Baylor Scheierman,2026-03-06,1,DAL,BOS,SG,1.0,,,,,,,,,,,120.25,225.0,-15.5,2,
Chris Boucher,2026-03-06,1,DAL,BOS,,0.0,,,,,,,,,,,120.25,225.0,-15.5,35,
Dalano Banton,2026-03-06,1,DAL,BOS,,0.0,,,,,,,,,,,120.25,225.0,-15.5,7,
Derrick White,2026-03-06,1,DAL,BOS,PG,1.0,,,,,,,,,,,120.25,225.0,-15.5,2,
Hugo González,2026-03-06,1,DAL,BOS,,0.0,,,,,,,,,,,120.25,225.0,-15.5,2,
Jaylen Brown,2026-03-06,1,DAL,BOS,SF,1.0,,,,,,,,,,,120.25,225.0,-15.5,2,
John Tonje,2026-03-06,1,DAL,BOS,,0.0,,,,,,,,,,,120.25,225.0,-15.5,4,
Jordan Walsh,2026-03-06,1,DAL,BOS,,0.0,,,,,,,,,,,120.25,225.0,-15.5,2,
Luka Garza,2026-03-06,1,DAL,BOS,,0.0,,,,,,,,,,,120.25,225.0,-15.5,2,
Max Shulga,2026-03-06,1,DAL,BOS,,0.0,,,,,,,,,,,120.25,225.0,-15.5,4,
Neemias Queta,2026-03-06,1,DAL,BOS,C,1.0,,,,,,,,,,,120.25,225.0,-15.5,2,
Nikola Vučević,2026-03-06,1,DAL,BOS,,0.0,,,,,,,,,,,120.25,225.0,-15.5,2,
Payton Pritchard,2026-03-06,1,DAL,BOS,,0.0,,,,,,,,,,,120.25,225.0,-15.5,2,
Ron Harper Jr.,2026-03-06,1,DAL,BOS,,0.0,,,,,,,,,,,120.25,225.0,-15.5,2,
Sam Hauser,2026-03-06,1,DAL,BOS,PF,1.0,,,,,,,,,,,120.25,225.0,-15.5,2,
AJ Johnson,2026-03-06,0,BOS,DAL,,0.0,,,,,,,,,,,104.75,225.0,15.5,3,
Anthony Davis,2026-03-06,0,BOS,DAL,PF,1.0,,,,,,,,,,,104.75,225.0,15.5,57,
Brandon Williams,2026-03-06,0,BOS,DAL,PG,1.0,,,,,,,,,,,104.75,225.0,15.5,3,
Caleb Martin,2026-03-06,0,BOS,DAL,,0.0,,,,,,,,,,,104.75,225.0,15.5,3,
Cooper Flagg,2026-03-06,0,BOS,DAL,SF,1.0,,,,,,,,,,,104.75,225.0,15.5,24,
D'Angelo Russell,2026-03-06,0,BOS,DAL,,0.0,,,,,,,,,,,104.75,225.0,15.5,55,
Daniel Gafford,2026-03-06,0,BOS,DAL,C,1.0,,,,,,,,,,,104.75,225.0,15.5,3,
Dereck Lively II,2026-03-06,0,BOS,DAL,,0.0,,,,,,,,,,,104.75,225.0,15.5,105,
Dwight Powell,2026-03-06,0,BOS,DAL,,0.0,,,,,,,,,,,104.75,225.0,15.5,3,
Jeremiah Robinson-Earl,2026-03-06,0,BOS,DAL,,0.0,,,,,,,,,,,104.75,225.0,15.5,41,
John Poulakidas,2026-03-06,0,BOS,DAL,,0.0,,,,,,,,,,,104.75,225.0,15.5,3,
Khris Middleton,2026-03-06,0,BOS,DAL,SF,1.0,,,,,,,,,,,104.75,225.0,15.5,3,
Klay Thompson,2026-03-06,0,BOS,DAL,,0.0,,,,,,,,,,,104.75,225.0,15.5,5,
Marvin Bagley III,2026-03-06,0,BOS,DAL,C,1.0,,,,,,,,,,,104.75,225.0,15.5,8,
Max Christie,2026-03-06,0,BOS,DAL,SG,1.0,,,,,,,,,,,104.75,225.0,15.5,3,
Miles Kelly,2026-03-06,0,BOS,DAL,,0.0,,,,,,,,,,,104.75,225.0,15.5,7,
Moussa Cisse,2026-03-06,0,BOS,DAL,,0.0,,,,,,,,,,,104.75,225.0,15.5,5,
Naji Marshall,2026-03-06,0,BOS,DAL,SF,1.0,,,,,,,,,,,104.75,225.0,15.5,7,
P.J. Washington,2026-03-06,0,BOS,DAL,PF,1.0,,,,,,,,,,,104.75,225.0,15.5,3,
Ryan Nembhard,2026-03-06,0,BOS,DAL,,0.0,,,,,,,,,,,104.75,225.0,15.5,3,
Tyus Jones,2026-03-06,0,BOS,DAL,,0.0,,,,,,,,,,,104.75,225.0,15.5,7,
Antonio Reeves,2026-03-06,1,MIA,CHA,,0.0,,,,,,,,,,,118.0,230.5,-5.5,2,
Brandon Miller,2026-03-06,1,MIA,CHA,SG,1.0,,,,,,,,,,,118.0,230.5,-5.5,2,
Coby White,2026-03-06,1,MIA,CHA,,0.0,,,,,,,,,,,118.0,230.5,-5.5,2,
Drew Peterson,2026-03-06,1,MIA,CHA,,0.0,,,,,,,,,,,118.0,230.5,-5.5,82,
Grant Williams,2026-03-06,1,MIA,CHA,,0.0,,,,,,,,,,,118.0,230.5,-5.5,3,
Josh Green,2026-03-06,1,MIA,CHA,,0.0,,,,,,,,,,,118.0,230.5,-5.5,2,
Kon Knueppel,2026-03-06,1,MIA,CHA,PF,1.0,,,,,,,,,,,118.0,230.5,-5.5,2,
LaMelo Ball,2026-03-06,1,MIA,CHA,PG,1.0,,,,,,,,,,,118.0,230.5,-5.5,2,
Liam McNeeley,2026-03-06,1,MIA,CHA,,0.0,,,,,,,,,,,118.0,230.5,-5.5,37,
Mason Plumlee,2026-03-06,1,MIA,CHA,C,1.0,,,,,,,,,,,118.0,230.5,-5.5,74,
Miles Bridges,2026-03-06,1,MIA,CHA,SF,1.0,,,,,,,,,,,118.0,230.5,-5.5,2,
Moussa Diabaté,2026-03-06,1,MIA,CHA,C,1.0,,,,,,,,,,,118.0,230.5,-5.5,2,
PJ Hall,2026-03-06,1,MIA,CHA,,0.0,,,,,,,,,,,118.0,230.5,-5.5,12,
Pat Connaughton,2026-03-06,1,MIA,CHA,,0.0,,,,,,,,,,,118.0,230.5,-5.5,2,
Ryan Kalkbrenner,2026-03-06,1,MIA,CHA,,0.0,,,,,,,,,,,118.0,230.5,-5.5,2,
Sion James,2026-03-06,1,MIA,CHA,,0.0,,,,,,,,,,,118.0,230.5,-5.5,2,
Tidjane Salaün,2026-03-06,1,MIA,CHA,,0.0,,,,,,,,,,,118.0,230.5,-5.5,3,
Tre Mann,2026-03-06,1,MIA,CHA,,0.0,,,,,,,,,,,118.0,230.5,-5.5,2,
Xavier Tillman,2026-03-06,1,MIA,CHA,,0.0,,,,,,,,,,,118.0,230.5,-5.5,2,
Andrew Wiggins,2026-03-06,0,CHA,MIA,PF,1.0,,,,,,,,,,,112.5,230.5,5.5,3,
Bam Adebayo,2026-03-06,0,CHA,MIA,C,1.0,,,,,,,,,,,112.5,230.5,5.5,3,
Davion Mitchell,2026-03-06,0,CHA,MIA,PG,1.0,,,,,,,,,,,112.5,230.5,5.5,3,
Dru Smith,2026-03-06,0,CHA,MIA,,0.0,,,,,,,,,,,112.5,230.5,5.5,6,
Jahmir Young,2026-03-06,0,CHA,MIA,,0.0,,,,,,,,,,,112.5,230.5,5.5,3,
Jaime Jaquez Jr.,2026-03-06,0,CHA,MIA,,0.0,,,,,,,,,,,112.5,230.5,5.5,3,
Kasparas Jakučionis,2026-03-06,0,CHA,MIA,,0.0,,,,,,,,,,,112.5,230.5,5.5,3,
Kel'el Ware,2026-03-06,0,CHA,MIA,,0.0,,,,,,,,,,,112.5,230.5,5.5,3,
Keshad Johnson,2026-03-06,0,CHA,MIA,,0.0,,,,,,,,,,,112.5,230.5,5.5,13,
Myron Gardner,2026-03-06,0,CHA,MIA,,0.0,,,,,,,,,,,112.5,230.5,5.5,3,
Nikola Jović,2026-03-06,0,CHA,MIA,,0.0,,,,,,,,,,,112.5,230.5,5.5,14,
Norman Powell,2026-03-06,0,CHA,MIA,SG,1.0,,,,,,,,,,,112.5,230.5,5.5,8,
Pelle Larsson,2026-03-06,0,CHA,MIA,SF,1.0,,,,,,,,,,,112.5,230.5,5.5,3,
Simone Fontecchio,2026-03-06,0,CHA,MIA,,0.0,,,,,,,,,,,112.5,230.5,5.5,3,
Trevor Keels,2026-03-06,0,CHA,MIA,,0.0,,,,,,,,,,,112.5,230.5,5.5,13,
Tyler Herro,2026-03-06,0,CHA,MIA,SG,1.0,,,,,,,,,,,112.5,230.5,5.5,3,
Vladislav Goldin,2026-03-06,0,CHA,MIA,,0.0,,,,,,,,,,,112.5,230.5,5.5,33,
Aaron Holiday,2026-03-06,1,POR,HOU,,0.0,,,,,,,,,,,114.5,221.5,-7.5,4,
Alperen Sengun,2026-03-06,1,POR,HOU,C,1.0,,,,,,,,,,,114.5,221.5,-7.5,4,
Amen Thompson,2026-03-06,1,POR,HOU,SG,1.0,,,,,,,,,,,114.5,221.5,-7.5,4,
Clint Capela,2026-03-06,1,POR,HOU,,0.0,,,,,,,,,,,114.5,221.5,-7.5,4,
Dorian Finney-Smith,2026-03-06,1,POR,HOU,,0.0,,,,,,,,,,,114.5,221.5,-7.5,4,
Isaiah Crawford,2026-03-06,1,POR,HOU,,0.0,,,,,,,,,,,114.5,221.5,-7.5,6,
JD Davison,2026-03-06,1,POR,HOU,,0.0,,,,,,,,,,,114.5,221.5,-7.5,9,
Jabari Smith Jr.,2026-03-06,1,POR,HOU,PF,1.0,,,,,,,,,,,114.5,221.5,-7.5,8,
Jae'Sean Tate,2026-03-06,1,POR,HOU,,0.0,,,,,,,,,,,114.5,221.5,-7.5,13,
Jeff Green,2026-03-06,1,POR,HOU,,0.0,,,,,,,,,,,114.5,221.5,-7.5,6,
Josh Okogie,2026-03-06,1,POR,HOU,,0.0,,,,,,,,,,,114.5,221.5,-7.5,4,
Kevin Durant,2026-03-06,1,POR,HOU,PF,1.0,,,,,,,,,,,114.5,221.5,-7.5,4,
Reed Sheppard,2026-03-06,1,POR,HOU,PG,1.0,,,,,,,,,,,114.5,221.5,-7.5,4,
Steven Adams,2026-03-06,1,POR,HOU,C,1.0,,,,,,,,,,,114.5,221.5,-7.5,47,
Tari Eason,2026-03-06,1,POR,HOU,SF,1.0,,,,,,,,,,,114.5,221.5,-7.5,4,
Blake Wesley,2026-03-06,0,HOU,POR,,0.0,,,,,,,,,,,107.0,221.5,7.5,2,
Caleb Love,2026-03-06,0,HOU,POR,,0.0,,,,,,,,,,,107.0,221.5,7.5,22,
Deni Avdija,2026-03-06,0,HOU,POR,PG,1.0,,,,,,,,,,,107.0,221.5,7.5,12,
Donovan Clingan,2026-03-06,0,HOU,POR,C,1.0,,,,,,,,,,,107.0,221.5,7.5,2,
Duop Reath,2026-03-06,0,HOU,POR,,0.0,,,,,,,,,,,107.0,221.5,7.5,47,
Javonte Cooke,2026-03-06,0,HOU,POR,,0.0,,,,,,,,,,,107.0,221.5,7.5,5,
Jerami Grant,2026-03-06,0,HOU,POR,SF,1.0,,,,,,,,,,,107.0,221.5,7.5,2,
Jrue Holiday,2026-03-06,0,HOU,POR,SG,1.0,,,,,,,,,,,107.0,221.5,7.5,2,
Kris Murray,2026-03-06,0,HOU,POR,SF,1.0,,,,,,,,,,,107.0,221.5,7.5,5,
Matisse Thybulle,2026-03-06,0,HOU,POR,,0.0,,,,,,,,,,,107.0,221.5,7.5,2,
Robert Williams III,2026-03-06,0,HOU,POR,,0.0,,,,,,,,,,,107.0,221.5,7.5,2,
Scoot Henderson,2026-03-06,0,HOU,POR,PG,1.0,,,,,,,,,,,107.0,221.5,7.5,2,
Shaedon Sharpe,2026-03-06,0,HOU,POR,SG,1.0,,,,,,,,,,,107.0,221.5,7.5,28,
Sidy Cissoko,2026-03-06,0,HOU,POR,,0.0,,,,,,,,,,,107.0,221.5,7.5,2,
Toumani Camara,2026-03-06,0,HOU,POR,PF,1.0,,,,,,,,,,,107.0,221.5,7.5,2,
Vít Krejčí,2026-03-06,0,HOU,POR,,0.0,,,,,,,,,,,107.0,221.5,7.5,2,
Yang Hansen,2026-03-06,0,HOU,POR,,0.0,,,,,,,,,,,107.0,221.5,7.5,5,
Aaron Gordon,2026-03-06,1,NYK,DEN,PF,1.0,,,,,,,,,,,115.88,232.0,0.25,42,
Bruce Brown,2026-03-06,1,NYK,DEN,,0.0,,,,,,,,,,,115.88,232.0,0.25,4,
Cameron Johnson,2026-03-06,1,NYK,DEN,PF,1.0,,,,,,,,,,,115.88,232.0,0.25,5,
Christian Braun,2026-03-06,1,NYK,DEN,SF,1.0,,,,,,,,,,,115.88,232.0,0.25,4,
Curtis Jones,2026-03-06,1,NYK,DEN,,0.0,,,,,,,,,,,115.88,232.0,0.25,42,
DaRon Holmes II,2026-03-06,1,NYK,DEN,,0.0,,,,,,,,,,,115.88,232.0,0.25,5,
Hunter Tyson,2026-03-06,1,NYK,DEN,,0.0,,,,,,,,,,,115.88,232.0,0.25,33,
Jalen Pickett,2026-03-06,1,NYK,DEN,,0.0,,,,,,,,,,,115.88,232.0,0.25,4,
Jamal Murray,2026-03-06,1,NYK,DEN,PG,1.0,,,,,,,,,,,115.88,232.0,0.25,4,
Jonas Valančiūnas,2026-03-06,1,NYK,DEN,PF,1.0,,,,,,,,,,,115.88,232.0,0.25,4,
Julian Strawther,2026-03-06,1,NYK,DEN,SG,1.0,,,,,,,,,,,115.88,232.0,0.25,4,
KJ Simpson,2026-03-06,1,NYK,DEN,,0.0,,,,,,,,,,,115.88,232.0,0.25,5,
Nikola Jokić,2026-03-06,1,NYK,DEN,C,1.0,,,,,,,,,,,115.88,232.0,0.25,4,
Peyton Watson,2026-03-06,1,NYK,DEN,PF,1.0,,,,,,,,,,,115.88,232.0,0.25,30,
Spencer Jones,2026-03-06,1,NYK,DEN,,0.0,,,,,,,,,,,115.88,232.0,0.25,7,
Tim Hardaway Jr.,2026-03-06,1,NYK,DEN,,0.0,,,,,,,,,,,115.88,232.0,0.25,4,
Zeke Nnaji,2026-03-06,1,NYK,DEN,,0.0,,,,,,,,,,,115.88,232.0,0.25,4,
Ariel Hukporti,2026-03-06,0,DEN,NYK,,0.0,,,,,,,,,,,116.12,232.0,-0.25,2,
Dillon Jones,2026-03-06,0,DEN,NYK,,0.0,,,,,,,,,,,116.12,232.0,-0.25,10,
Jalen Brunson,2026-03-06,0,DEN,NYK,PG,1.0,,,,,,,,,,,116.12,232.0,-0.25,2,
Jeremy Sochan,2026-03-06,0,DEN,NYK,,0.0,,,,,,,,,,,116.12,232.0,-0.25,2,
Jordan Clarkson,2026-03-06,0,DEN,NYK,,0.0,,,,,,,,,,,116.12,232.0,-0.25,7,
Jose Alvarado,2026-03-06,0,DEN,NYK,,0.0,,,,,,,,,,,116.12,232.0,-0.25,2,
Josh Hart,2026-03-06,0,DEN,NYK,PF,1.0,,,,,,,,,,,116.12,232.0,-0.25,2,
Karl-Anthony Towns,2026-03-06,0,DEN,NYK,C,1.0,,,,,,,,,,,116.12,232.0,-0.25,2,
Kevin McCullar Jr.,2026-03-06,0,DEN,NYK,,0.0,,,,,,,,,,,116.12,232.0,-0.25,3,
Landry Shamet,2026-03-06,0,DEN,NYK,,0.0,,,,,,,,,,,116.12,232.0,-0.25,2,
Mikal Bridges,2026-03-06,0,DEN,NYK,SG,1.0,,,,,,,,,,,116.12,232.0,-0.25,2,
Miles McBride,2026-03-06,0,DEN,NYK,,0.0,,,,,,,,,,,116.12,232.0,-0.25,38,
Mitchell Robinson,2026-03-06,0,DEN,NYK,,0.0,,,,,,,,,,,116.12,232.0,-0.25,3,
Mohamed Diawara,2026-03-06,0,DEN,NYK,,0.0,,,,,,,,,,,116.12,232.0,-0.25,2,
OG Anunoby,2026-03-06,0,DEN,NYK,SF,1.0,,,,,,,,,,,116.12,232.0,-0.25,2,
Pacôme Dadiet,2026-03-06,0,DEN,NYK,,0.0,,,,,,,,,,,116.12,232.0,-0.25,26,
Tosan Evbuomwan,2026-03-06,0,DEN,NYK,,0.0,,,,,,,,,,,116.12,232.0,-0.25,73,
Trey Jemison III,2026-03-06,0,DEN,NYK,,0.0,,,,,,,,,,,116.12,232.0,-0.25,7,
Tyler Kolek,2026-03-06,0,DEN,NYK,,0.0,,,,,,,,,,,116.12,232.0,-0.25,3,
Amir Coffey,2026-03-06,1,NOP,PHX,,0.0,,,,,,,,,,,,,,3,
Collin Gillespie,2026-03-06,1,NOP,PHX,PG,1.0,,,,,,,,,,,,,,3,
Devin Booker,2026-03-06,1,NOP,PHX,SG,1.0,,,,,,,,,,,,,,3,
Dillon Brooks,2026-03-06,1,NOP,PHX,SF,1.0,,,,,,,,,,,,,,13,
Grayson Allen,2026-03-06,1,NOP,PHX,,0.0,,,,,,,,,,,,,,3,
Isaiah Livers,2026-03-06,1,NOP,PHX,,0.0,,,,,,,,,,,,,,12,
Jalen Green,2026-03-06,1,NOP,PHX,SF,1.0,,,,,,,,,,,,,,3,
Jamaree Bouyea,2026-03-06,1,NOP,PHX,,0.0,,,,,,,,,,,,,,8,
Jordan Goodwin,2026-03-06,1,NOP,PHX,,0.0,,,,,,,,,,,,,,13,
Khaman Maluach,2026-03-06,1,NOP,PHX,,0.0,,,,,,,,,,,,,,10,
Koby Brea,2026-03-06,1,NOP,PHX,,0.0,,,,,,,,,,,,,,10,
Mark Williams,2026-03-06,1,NOP,PHX,C,1.0,,,,,,,,,,,,,,3,
Nigel Hayes-Davis,2026-03-06,1,NOP,PHX,,0.0,,,,,,,,,,,,,,35,
Oso Ighodaro,2026-03-06,1,NOP,PHX,,0.0,,,,,,,,,,,,,,3,
Rasheer Fleming,2026-03-06,1,NOP,PHX,,0.0,,,,,,,,,,,,,,3,
Royce O'Neale,2026-03-06,1,NOP,PHX,PF,1.0,,,,,,,,,,,,,,3,
Ryan Dunn,2026-03-06,1,NOP,PHX,,0.0,,,,,,,,,,,,,,3,
Bryce McGowens,2026-03-06,0,PHX,NOP,,0.0,,,,,,,,,,,,,,3,
DeAndre Jordan,2026-03-06,0,PHX,NOP,,0.0,,,,,,,,,,,,,,3,
Dejounte Murray,2026-03-06,0,PHX,NOP,PG,1.0,,,,,,,,,,,,,,3,
Derik Queen,2026-03-06,0,PHX,NOP,,0.0,,,,,,,,,,,,,,3,
Herbert Jones,2026-03-06,0,PHX,NOP,C,1.0,,,,,,,,,,,,,,3,
Hunter Dickinson,2026-03-06,0,PHX,NOP,,0.0,,,,,,,,,,,,,,135,
Jeremiah Fears,2026-03-06,0,PHX,NOP,,0.0,,,,,,,,,,,,,,3,
Jordan Hawkins,2026-03-06,0,PHX,NOP,,0.0,,,,,,,,,,,,,,5,
Jordan Poole,2026-03-06,0,PHX,NOP,,0.0,,,,,,,,,,,,,,6,
Karlo Matković,2026-03-06,0,PHX,NOP,,0.0,,,,,,,,,,,,,,5,
Kevon Looney,2026-03-06,0,PHX,NOP,,0.0,,,,,,,,,,,,,,23,
Micah Peavy,2026-03-06,0,PHX,NOP,,0.0,,,,,,,,,,,,,,5,
Saddiq Bey,2026-03-06,0,PHX,NOP,SF,1.0,,,,,,,,,,,,,,3,
Trey Alexander,2026-03-06,0,PHX,NOP,,0.0,,,,,,,,,,,,,,56,
Trey Murphy III,2026-03-06,0,PHX,NOP,SG,1.0,,,,,,,,,,,,,,3,
Yves Missi,2026-03-06,0,PHX,NOP,,0.0,,,,,,,,,,,,,,3,
Zion Williamson,2026-03-06,0,PHX,NOP,PF,1.0,,,,,,,,,,,,,,3,
Bismack Biyombo,2026-03-06,1,LAC,SAS,,0.0,,,,,,,,,,,116.12,224.0,-8.25,3,
Carter Bryant,2026-03-06,1,LAC,SAS,,0.0,,,,,,,,,,,116.12,224.0,-8.25,3,
David Jones Garcia,2026-03-06,1,LAC,SAS,,0.0,,,,,,,,,,,116.12,224.0,-8.25,58,
De'Aaron Fox,2026-03-06,1,LAC,SAS,PG,1.0,,,,,,,,,,,116.12,224.0,-8.25,3,
Devin Vassell,2026-03-06,1,LAC,SAS,PF,1.0,,,,,,,,,,,116.12,224.0,-8.25,3,
Dylan Harper,2026-03-06,1,LAC,SAS,,0.0,,,,,,,,,,,116.12,224.0,-8.25,3,
Harrison Barnes,2026-03-06,1,LAC,SAS,,0.0,,,,,,,,,,,116.12,224.0,-8.25,5,
Harrison Ingram,2026-03-06,1,LAC,SAS,,0.0,,,,,,,,,,,116.12,224.0,-8.25,13,
Jordan McLaughlin,2026-03-06,1,LAC,SAS,,0.0,,,,,,,,,,,116.12,224.0,-8.25,3,
Julian Champagnie,2026-03-06,1,LAC,SAS,SF,1.0,,,,,,,,,,,116.12,224.0,-8.25,3,
Keldon Johnson,2026-03-06,1,LAC,SAS,,0.0,,,,,,,,,,,116.12,224.0,-8.25,3,
Kelly Olynyk,2026-03-06,1,LAC,SAS,,0.0,,,,,,,,,,,116.12,224.0,-8.25,3,
Lindy Waters III,2026-03-06,1,LAC,SAS,,0.0,,,,,,,,,,,116.12,224.0,-8.25,3,
Luke Kornet,2026-03-06,1,LAC,SAS,,0.0,,,,,,,,,,,116.12,224.0,-8.25,3,
Riley Minix,2026-03-06,1,LAC,SAS,,0.0,,,,,,,,,,,116.12,224.0,-8.25,124,
Stanley Umude,2026-03-06,1,LAC,SAS,,0.0,,,,,,,,,,,116.12,224.0,-8.25,13,
Stephon Castle,2026-03-06,1,LAC,SAS,SG,1.0,,,,,,,,,,,116.12,224.0,-8.25,3,
Victor Wembanyama,2026-03-06,1,LAC,SAS,C,1.0,,,,,,,,,,,116.12,224.0,-8.25,3,
Bennedict Mathurin,2026-03-06,0,SAS,LAC,,0.0,,,,,,,,,,,107.88,224.0,8.25,2,
Bogdan Bogdanović,2026-03-06,0,SAS,LAC,,0.0,,,,,,,,,,,107.88,224.0,8.25,8,
Bradley Beal,2026-03-06,0,SAS,LAC,SG,1.0,,,,,,,,,,,107.88,224.0,8.25,118,
Brook Lopez,2026-03-06,0,SAS,LAC,C,1.0,,,,,,,,,,,107.88,224.0,8.25,2,
Cam Christie,2026-03-06,0,SAS,LAC,,0.0,,,,,,,,,,,107.88,224.0,8.25,2,
Chris Paul,2026-03-06,0,SAS,LAC,,0.0,,,,,,,,,,,107.88,224.0,8.25,95,
Darius Garland,2026-03-06,0,SAS,LAC,,0.0,,,,,,,,,,,107.88,224.0,8.25,2,
Derrick Jones Jr.,2026-03-06,0,SAS,LAC,PF,1.0,,,,,,,,,,,107.88,224.0,8.25,2,
Isaiah Jackson,2026-03-06,0,SAS,LAC,,0.0,,,,,,,,,,,107.88,224.0,8.25,2,
Ivica Zubac,2026-03-06,0,SAS,LAC,C,1.0,,,,,,,,,,,107.88,224.0,8.25,32,
Jahmyl Telfort,2026-03-06,0,SAS,LAC,,0.0,,,,,,,,,,,107.88,224.0,8.25,93,
John Collins,2026-03-06,0,SAS,LAC,PF,1.0,,,,,,,,,,,107.88,224.0,8.25,5,
Jordan Miller,2026-03-06,0,SAS,LAC,,0.0,,,,,,,,,,,107.88,224.0,8.25,2,
Kawhi Leonard,2026-03-06,0,SAS,LAC,SF,1.0,,,,,,,,,,,107.88,224.0,8.25,2,
Kobe Sanders,2026-03-06,0,SAS,LAC,SG,1.0,,,,,,,,,,,107.88,224.0,8.25,2,
Kris Dunn,2026-03-06,0,SAS,LAC,PG,1.0,,,,,,,,,,,107.88,224.0,8.25,2,
Nicolas Batum,2026-03-06,0,SAS,LAC,,0.0,,,,,,,,,,,107.88,224.0,8.25,2,
Norchad Omier,2026-03-06,0,SAS,LAC,,0.0,,,,,,,,,,,107.88,224.0,8.25,2,
TyTy Washington Jr.,2026-03-06,0,SAS,LAC,,0.0,,,,,,,,,,,107.88,224.0,8.25,2,
Yanic Konan Niederhäuser,2026-03-06,0,SAS,LAC,,0.0,,,,,,,,,,,107.88,224.0,8.25,2,
Adou Thiero,2026-03-06,1,IND,LAL,,0.0,,,,,,,,,,,,,,5,
Austin Reaves,2026-03-06,1,IND,LAL,SG,1.0,,,,,,,,,,,,,,3,
Bronny James,2026-03-06,1,IND,LAL,,0.0,,,,,,,,,,,,,,5,
Chris Mañon,2026-03-06,1,IND,LAL,,0.0,,,,,,,,,,,,,,24,
Dalton Knecht,2026-03-06,1,IND,LAL,,0.0,,,,,,,,,,,,,,5,
Deandre Ayton,2026-03-06,1,IND,LAL,C,1.0,,,,,,,,,,,,,,3,
Drew Timme,2026-03-06,1,IND,LAL,,0.0,,,,,,,,,,,,,,22,
Jake LaRavia,2026-03-06,1,IND,LAL,,0.0,,,,,,,,,,,,,,3,
Jarred Vanderbilt,2026-03-06,1,IND,LAL,,0.0,,,,,,,,,,,,,,6,
Jaxson Hayes,2026-03-06,1,IND,LAL,,0.0,,,,,,,,,,,,,,3,
Kobe Bufkin,2026-03-06,1,IND,LAL,,0.0,,,,,,,,,,,,,,5,
LeBron James,2026-03-06,1,IND,LAL,SF,1.0,,,,,,,,,,,,,,3,
Luka Dončić,2026-03-06,1,IND,LAL,PG,1.0,,,,,,,,,,,,,,3,
Luke Kennard,2026-03-06,1,IND,LAL,,0.0,,,,,,,,,,,,,,3,
Marcus Smart,2026-03-06,1,IND,LAL,PF,1.0,,,,,,,,,,,,,,3,
Maxi Kleber,2026-03-06,1,IND,LAL,,0.0,,,,,,,,,,,,,,5,
Nick Smith Jr.,2026-03-06,1,IND,LAL,,0.0,,,,,,,,,,,,,,24,
Rui Hachimura,2026-03-06,1,IND,LAL,,0.0,,,,,,,,,,,,,,3,
Aaron Nesmith,2026-03-06,0,LAL,IND,SG,1.0,,,,,,,,,,,,,,2,
Andrew Nembhard,2026-03-06,0,LAL,IND,PG,1.0,,,,,,,,,,,,,,2,
Ben Sheppard,2026-03-06,0,LAL,IND,,0.0,,,,,,,,,,,,,,2,
Cody Martin,2026-03-06,0,LAL,IND,,0.0,,,,,,,,,,,,,,115,
Ethan Thompson,2026-03-06,0,LAL,IND,,0.0,,,,,,,,,,,,,,15,
Garrison Mathews,2026-03-06,0,LAL,IND,,0.0,,,,,,,,,,,,,,73,
James Wiseman,2026-03-06,0,LAL,IND,,0.0,,,,,,,,,,,,,,73,
Jarace Walker,2026-03-06,0,LAL,IND,SF,1.0,,,,,,,,,,,,,,2,
Jay Huff,2026-03-06,0,LAL,IND,C,1.0,,,,,,,,,,,,,,2,
Johnny Furphy,2026-03-06,0,LAL,IND,SF,1.0,,,,,,,,,,,,,,26,
Kam Jones,2026-03-06,0,LAL,IND,PG,1.0,,,,,,,,,,,,,,5,
Kobe Brown,2026-03-06,0,LAL,IND,,0.0,,,,,,,,,,,,,,2,
Micah Potter,2026-03-06,0,LAL,IND,,0.0,,,,,,,,,,,,,,2,
Monté Morris,2026-03-06,0,LAL,IND,,0.0,,,,,,,,,,,,,,109,
Obi Toppin,2026-03-06,0,LAL,IND,,0.0,,,,,,,,,,,,,,2,
Pascal Siakam,2026-03-06,0,LAL,IND,PF,1.0,,,,,,,,,,,,,,2,
Quenton Jackson,2026-03-06,0,LAL,IND,,0.0,,,,,,,,,,,,,,2,
T.J. McConnell,2026-03-06,0,LAL,IND,,0.0,,,,,,,,,,,,,,2,
Taelon Peter,2026-03-06,0,LAL,IND,,0.0,,,,,,,,,,,,,,5,
Tony Bradley,2026-03-06,0,LAL,IND,,0.0,,,,,,,,,,,,,,42,
Anthony Edwards,2026-03-07,1,ORL,MIN,SG,1.0,,,,,,,,,,,,,,4,
Ayo Dosunmu,2026-03-07,1,ORL,MIN,,0.0,,,,,,,,,,,,,,4,
Bones Hyland,2026-03-07,1,ORL,MIN,,0.0,,,,,,,,,,,,,,4,
Donte DiVincenzo,2026-03-07,1,ORL,MIN,PG,1.0,,,,,,,,,,,,,,4,
Enrique Freeman,2026-03-07,1,ORL,MIN,,0.0,,,,,,,,,,,,,,24,
Jaden McDaniels,2026-03-07,1,ORL,MIN,SF,1.0,,,,,,,,,,,,,,4,
Jaylen Clark,2026-03-07,1,ORL,MIN,,0.0,,,,,,,,,,,,,,13,
Joan Beringer,2026-03-07,1,ORL,MIN,C,1.0,,,,,,,,,,,,,,13,
Joe Ingles,2026-03-07,1,ORL,MIN,,0.0,,,,,,,,,,,,,,13,
Johnny Juzang,2026-03-07,1,ORL,MIN,,0.0,,,,,,,,,,,,,,29,
Julian Phillips,2026-03-07,1,ORL,MIN,,0.0,,,,,,,,,,,,,,13,
Julius Randle,2026-03-07,1,ORL,MIN,PF,1.0,,,,,,,,,,,,,,4,
Kyle Anderson,2026-03-07,1,ORL,MIN,,0.0,,,,,,,,,,,,,,4,
Mike Conley,2026-03-07,1,ORL,MIN,,0.0,,,,,,,,,,,,,,9,
Naz Reid,2026-03-07,1,ORL,MIN,,0.0,,,,,,,,,,,,,,4,
Rocco Zikarsky,2026-03-07,1,ORL,MIN,,0.0,,,,,,,,,,,,,,13,
Rudy Gobert,2026-03-07,1,ORL,MIN,C,1.0,,,,,,,,,,,,,,4,
Terrence Shannon Jr.,2026-03-07,1,ORL,MIN,,0.0,,,,,,,,,,,,,,9,
Anthony Black,2026-03-07,0,MIN,ORL,PG,1.0,,,,,,,,,,,,,,9,
Desmond Bane,2026-03-07,0,MIN,ORL,SG,1.0,,,,,,,,,,,,,,4,
Franz Wagner,2026-03-07,0,MIN,ORL,,0.0,,,,,,,,,,,,,,24,
Goga Bitadze,2026-03-07,0,MIN,ORL,C,1.0,,,,,,,,,,,,,,4,
Jalen Suggs,2026-03-07,0,MIN,ORL,PG,1.0,,,,,,,,,,,,,,4,
Jamal Cain,2026-03-07,0,MIN,ORL,,0.0,,,,,,,,,,,,,,4,
Jase Richardson,2026-03-07,0,MIN,ORL,,0.0,,,,,,,,,,,,,,4,
Jett Howard,2026-03-07,0,MIN,ORL,,0.0,,,,,,,,,,,,,,4,
Jevon Carter,2026-03-07,0,MIN,ORL,,0.0,,,,,,,,,,,,,,4,
Jonathan Isaac,2026-03-07,0,MIN,ORL,,0.0,,,,,,,,,,,,,,4,
Moritz Wagner,2026-03-07,0,MIN,ORL,,0.0,,,,,,,,,,,,,,4,
Noah Penda,2026-03-07,0,MIN,ORL,,0.0,,,,,,,,,,,,,,4,
Orlando Robinson,2026-03-07,0,MIN,ORL,,0.0,,,,,,,,,,,,,,71,
Paolo Banchero,2026-03-07,0,MIN,ORL,PF,1.0,,,,,,,,,,,,,,4,
Tristan da Silva,2026-03-07,0,MIN,ORL,SF,1.0,,,,,,,,,,,,,,4,
Wendell Carter Jr.,2026-03-07,0,MIN,ORL,C,1.0,,,,,,,,,,,,,,6,
Ausar Thompson,2026-03-07,1,BKN,DET,SF,1.0,,,,,,,,,,,,,,4,
Bobi Klintman,2026-03-07,1,BKN,DET,,0.0,,,,,,,,,,,,,,24,
Cade Cunningham,2026-03-07,1,BKN,DET,PG,1.0,,,,,,,,,,,,,,4,
Caris LeVert,2026-03-07,1,BKN,DET,,0.0,,,,,,,,,,,,,,4,
Chaz Lanier,2026-03-07,1,BKN,DET,,0.0,,,,,,,,,,,,,,24,
Colby Jones,2026-03-07,1,BKN,DET,,0.0,,,,,,,,,,,,,,131,
Daniss Jenkins,2026-03-07,1,BKN,DET,,0.0,,,,,,,,,,,,,,4,
Duncan Robinson,2026-03-07,1,BKN,DET,SG,1.0,,,,,,,,,,,,,,4,
Isaac Jones,2026-03-07,1,BKN,DET,,0.0,,,,,,,,,,,,,,110,
Isaiah Stewart,2026-03-07,1,BKN,DET,,0.0,,,,,,,,,,,,,,4,
Jalen Duren,2026-03-07,1,BKN,DET,C,1.0,,,,,,,,,,,,,,4,
Javonte Green,2026-03-07,1,BKN,DET,,0.0,,,,,,,,,,,,,,4,
Kevin Huerter,2026-03-07,1,BKN,DET,,0.0,,,,,,,,,,,,,,10,
Marcus Sasser,2026-03-07,1,BKN,DET,,0.0,,,,,,,,,,,,,,8,
Paul Reed,2026-03-07,1,BKN,DET,,0.0,,,,,,,,,,,,,,6,
Ronald Holland II,2026-03-07,1,BKN,DET,,0.0,,,,,,,,,,,,,,4,
Tobias Harris,2026-03-07,1,BKN,DET,PF,1.0,,,,,,,,,,,,,,4,
Tolu Smith,2026-03-07,1,BKN,DET,,0.0,,,,,,,,,,,,,,16,
Wendell Moore Jr.,2026-03-07,1,BKN,DET,,0.0,,,,,,,,,,,,,,29,
Ben Saraf,2026-03-07,0,DET,BKN,,0.0,,,,,,,,,,,,,,4,
Danny Wolf,2026-03-07,0,DET,BKN,,0.0,,,,,,,,,,,,,,4,
Day'Ron Sharpe,2026-03-07,0,DET,BKN,,0.0,,,,,,,,,,,,,,4,
Drake Powell,2026-03-07,0,DET,BKN,,0.0,,,,,,,,,,,,,,9,
E.J. Liddell,2026-03-07,0,DET,BKN,,0.0,,,,,,,,,,,,,,34,
Egor Dëmin,2026-03-07,0,DET,BKN,SG,1.0,,,,,,,,,,,,,,8,
Grant Nelson,2026-03-07,0,DET,BKN,,0.0,,,,,,,,,,,,,,4,
Jalen Wilson,2026-03-07,0,DET,BKN,,0.0,,,,,,,,,,,,,,4,
Josh Minott,2026-03-07,0,DET,BKN,,0.0,,,,,,,,,,,,,,4,
Michael Porter Jr.,2026-03-07,0,DET,BKN,SF,1.0,,,,,,,,,,,,,,4,
Nic Claxton,2026-03-07,0,DET,BKN,C,1.0,,,,,,,,,,,,,,4,
Noah Clowney,2026-03-07,0,DET,BKN,PF,1.0,,,,,,,,,,,,,,4,
Nolan Traore,2026-03-07,0,DET,BKN,PG,1.0,,,,,,,,,,,,,,4,
Ochai Agbaji,2026-03-07,0,DET,BKN,,0.0,,,,,,,,,,,,,,4,
Terance Mann,2026-03-07,0,DET,BKN,SG,1.0,,,,,,,,,,,,,,4,
Tyson Etienne,2026-03-07,0,DET,BKN,,0.0,,,,,,,,,,,,,,93,
Ziaire Williams,2026-03-07,0,DET,BKN,,0.0,,,,,,,,,,,,,,4,
Asa Newell,2026-03-07,1,PHI,ATL,,0.0,,,,,,,,,,,,,,9,
Buddy Hield,2026-03-07,1,PHI,ATL,,0.0,,,,,,,,,,,,,,26,
CJ McCollum,2026-03-07,1,PHI,ATL,PG,1.0,,,,,,,,,,,,,,3,
Caleb Houstan,2026-03-07,1,PHI,ATL,,0.0,,,,,,,,,,,,,,3,
Christian Koloko,2026-03-07,1,PHI,ATL,,0.0,,,,,,,,,,,,,,3,
Corey Kispert,2026-03-07,1,PHI,ATL,,0.0,,,,,,,,,,,,,,3,
Dyson Daniels,2026-03-07,1,PHI,ATL,SF,1.0,,,,,,,,,,,,,,3,
Gabe Vincent,2026-03-07,1,PHI,ATL,,0.0,,,,,,,,,,,,,,3,
Jacob Toppin,2026-03-07,1,PHI,ATL,,0.0,,,,,,,,,,,,,,102,
Jalen Johnson,2026-03-07,1,PHI,ATL,PF,1.0,,,,,,,,,,,,,,3,
Jock Landale,2026-03-07,1,PHI,ATL,,0.0,,,,,,,,,,,,,,3,
Jonathan Kuminga,2026-03-07,1,PHI,ATL,,0.0,,,,,,,,,,,,,,6,
Keaton Wallace,2026-03-07,1,PHI,ATL,,0.0,,,,,,,,,,,,,,3,
Mouhamed Gueye,2026-03-07,1,PHI,ATL,,0.0,,,,,,,,,,,,,,3,
N'Faly Dante,2026-03-07,1,PHI,ATL,,0.0,,,,,,,,,,,,,,119,
Nickeil Alexander-Walker,2026-03-07,1,PHI,ATL,SG,1.0,,,,,,,,,,,,,,3,
Onyeka Okongwu,2026-03-07,1,PHI,ATL,C,1.0,,,,,,,,,,,,,,3,
RayJ Dennis,2026-03-07,1,PHI,ATL,,0.0,,,,,,,,,,,,,,49,
Trae Young,2026-03-07,1,PHI,ATL,PG,1.0,,,,,,,,,,,,,,70,
Zaccharie Risacher,2026-03-07,1,PHI,ATL,,0.0,,,,,,,,,,,,,,3,
Adem Bona,2026-03-07,0,ATL,PHI,C,1.0,,,,,,,,,,,,,,3,
Andre Drummond,2026-03-07,0,ATL,PHI,,0.0,,,,,,,,,,,,,,3,
Cameron Payne,2026-03-07,0,ATL,PHI,,0.0,,,,,,,,,,,,,,3,
Charles Bassey,2026-03-07,0,ATL,PHI,,0.0,,,,,,,,,,,,,,24,
Dalen Terry,2026-03-07,0,ATL,PHI,,0.0,,,,,,,,,,,,,,4,
Dominick Barlow,2026-03-07,0,ATL,PHI,PF,1.0,,,,,,,,,,,,,,3,
Eric Gordon,2026-03-07,0,ATL,PHI,,0.0,,,,,,,,,,,,,,74,
Hunter Sallis,2026-03-07,0,ATL,PHI,,0.0,,,,,,,,,,,,,,74,
Jabari Walker,2026-03-07,0,ATL,PHI,,0.0,,,,,,,,,,,,,,3,
Joel Embiid,2026-03-07,0,ATL,PHI,C,1.0,,,,,,,,,,,,,,9,
Johni Broome,2026-03-07,0,ATL,PHI,,0.0,,,,,,,,,,,,,,24,
Justin Edwards,2026-03-07,0,ATL,PHI,,0.0,,,,,,,,,,,,,,3,
Kelly Oubre Jr.,2026-03-07,0,ATL,PHI,SF,1.0,,,,,,,,,,,,,,6,
Kyle Lowry,2026-03-07,0,ATL,PHI,,0.0,,,,,,,,,,,,,,3,
MarJon Beauchamp,2026-03-07,0,ATL,PHI,,0.0,,,,,,,,,,,,,,24,
Paul George,2026-03-07,0,ATL,PHI,PF,1.0,,,,,,,,,,,,,,37,
Quentin Grimes,2026-03-07,0,ATL,PHI,SG,1.0,,,,,,,,,,,,,,3,
Trendon Watford,2026-03-07,0,ATL,PHI,SF,1.0,,,,,,,,,,,,,,3,
Tyrese Martin,2026-03-07,0,ATL,PHI,,0.0,,,,,,,,,,,,,,3,
Tyrese Maxey,2026-03-07,0,ATL,PHI,PG,1.0,,,,,,,,,,,,,,3,
VJ Edgecombe,2026-03-07,0,ATL,PHI,SG,1.0,,,,,,,,,,,,,,4,
Brandon Clarke,2026-03-07,1,LAC,MEM,C,1.0,,,,,,,,,,,,,,77,
Cam Spencer,2026-03-07,1,LAC,MEM,,0.0,,,,,,,,,,,,,,3,
Cedric Coward,2026-03-07,1,LAC,MEM,,0.0,,,,,,,,,,,,,,4,
GG Jackson,2026-03-07,1,LAC,MEM,PF,1.0,,,,,,,,,,,,,,3,
Ja Morant,2026-03-07,1,LAC,MEM,PG,1.0,,,,,,,,,,,,,,45,
Jahmai Mashack,2026-03-07,1,LAC,MEM,,0.0,,,,,,,,,,,,,,3,
Javon Small,2026-03-07,1,LAC,MEM,PG,1.0,,,,,,,,,,,,,,3,
Jaylen Wells,2026-03-07,1,LAC,MEM,SG,1.0,,,,,,,,,,,,,,3,
Kentavious Caldwell-Pope,2026-03-07,1,LAC,MEM,,0.0,,,,,,,,,,,,,,24,
Lawson Lovering,2026-03-07,1,LAC,MEM,C,1.0,,,,,,,,,,,,,,15,
Olivier-Maxence Prosper,2026-03-07,1,LAC,MEM,C,1.0,,,,,,,,,,,,,,3,
Rayan Rupert,2026-03-07,1,LAC,MEM,SF,1.0,,,,,,,,,,,,,,3,
Santi Aldama,2026-03-07,1,LAC,MEM,C,1.0,,,,,,,,,,,,,,31,
Scotty Pippen Jr.,2026-03-07,1,LAC,MEM,SG,1.0,,,,,,,,,,,,,,4,
Taylor Hendricks,2026-03-07,1,LAC,MEM,,0.0,,,,,,,,,,,,,,4,
Ty Jerome,2026-03-07,1,LAC,MEM,PG,1.0,,,,,,,,,,,,,,4,
Walter Clayton Jr.,2026-03-07,1,LAC,MEM,,0.0,,,,,,,,,,,,,,3,
Zach Edey,2026-03-07,1,LAC,MEM,C,1.0,,,,,,,,,,,,,,90,
Bennedict Mathurin,2026-03-07,0,MEM,LAC,,0.0,,,,,,,,,,,,,,3,
Bogdan Bogdanović,2026-03-07,0,MEM,LAC,,0.0,,,,,,,,,,,,,,9,
Bradley Beal,2026-03-07,0,MEM,LAC,SG,1.0,,,,,,,,,,,,,,119,
Brook Lopez,2026-03-07,0,MEM,LAC,C,1.0,,,,,,,,,,,,,,3,
Cam Christie,2026-03-07,0,MEM,LAC,,0.0,,,,,,,,,,,,,,3,
Chris Paul,2026-03-07,0,MEM,LAC,,0.0,,,,,,,,,,,,,,96,
Darius Garland,2026-03-07,0,MEM,LAC,,0.0,,,,,,,,,,,,,,3,
Derrick Jones Jr.,2026-03-07,0,MEM,LAC,PF,1.0,,,,,,,,,,,,,,3,
Isaiah Jackson,2026-03-07,0,MEM,LAC,,0.0,,,,,,,,,,,,,,3,
Ivica Zubac,2026-03-07,0,MEM,LAC,C,1.0,,,,,,,,,,,,,,33,
Jahmyl Telfort,2026-03-07,0,MEM,LAC,,0.0,,,,,,,,,,,,,,94,
John Collins,2026-03-07,0,MEM,LAC,PF,1.0,,,,,,,,,,,,,,6,
Jordan Miller,2026-03-07,0,MEM,LAC,,0.0,,,,,,,,,,,,,,3,
Kawhi Leonard,2026-03-07,0,MEM,LAC,SF,1.0,,,,,,,,,,,,,,3,
Kobe Sanders,2026-03-07,0,MEM,LAC,SG,1.0,,,,,,,,,,,,,,3,
Kris Dunn,2026-03-07,0,MEM,LAC,PG,1.0,,,,,,,,,,,,,,3,
Nicolas Batum,2026-03-07,0,MEM,LAC,,0.0,,,,,,,,,,,,,,3,
Norchad Omier,2026-03-07,0,MEM,LAC,,0.0,,,,,,,,,,,,,,3,
TyTy Washington Jr.,2026-03-07,0,MEM,LAC,,0.0,,,,,,,,,,,,,,3,
Yanic Konan Niederhäuser,2026-03-07,0,MEM,LAC,,0.0,,,,,,,,,,,,,,3,
AJ Green,2026-03-07,1,UTA,MIL,SG,1.0,,,,,,,,,,,,,,3,
Andre Jackson Jr.,2026-03-07,1,UTA,MIL,,0.0,,,,,,,,,,,,,,3,
Bobby Portis,2026-03-07,1,UTA,MIL,,0.0,,,,,,,,,,,,,,3,
Cam Thomas,2026-03-07,1,UTA,MIL,,0.0,,,,,,,,,,,,,,3,
Cole Anthony,2026-03-07,1,UTA,MIL,,0.0,,,,,,,,,,,,,,32,
Gary Harris,2026-03-07,1,UTA,MIL,,0.0,,,,,,,,,,,,,,5,
Gary Trent Jr.,2026-03-07,1,UTA,MIL,,0.0,,,,,,,,,,,,,,3,
Giannis Antetokounmpo,2026-03-07,1,UTA,MIL,PF,1.0,,,,,,,,,,,,,,3,
Jericho Sims,2026-03-07,1,UTA,MIL,,0.0,,,,,,,,,,,,,,3,
Kevin Porter Jr.,2026-03-07,1,UTA,MIL,PG,1.0,,,,,,,,,,,,,,5,
Kyle Kuzma,2026-03-07,1,UTA,MIL,,0.0,,,,,,,,,,,,,,3,
Mark Sears,2026-03-07,1,UTA,MIL,,0.0,,,,,,,,,,,,,,103,
Myles Turner,2026-03-07,1,UTA,MIL,C,1.0,,,,,,,,,,,,,,3,
Ousmane Dieng,2026-03-07,1,UTA,MIL,SF,1.0,,,,,,,,,,,,,,3,
Pete Nance,2026-03-07,1,UTA,MIL,,0.0,,,,,,,,,,,,,,3,
Ryan Rollins,2026-03-07,1,UTA,MIL,PG,1.0,,,,,,,,,,,,,,3,
Taurean Prince,2026-03-07,1,UTA,MIL,,0.0,,,,,,,,,,,,,,123,
Thanasis Antetokounmpo,2026-03-07,1,UTA,MIL,,0.0,,,,,,,,,,,,,,3,
Ace Bailey,2026-03-07,0,MIL,UTA,PF,1.0,,,,,,,,,,,,,,3,
Blake Hinson,2026-03-07,0,MIL,UTA,,0.0,,,,,,,,,,,,,,3,
Brice Sensabaugh,2026-03-07,0,MIL,UTA,,0.0,,,,,,,,,,,,,,3,
Cody Williams,2026-03-07,0,MIL,UTA,SF,1.0,,,,,,,,,,,,,,3,
Elijah Harkless,2026-03-07,0,MIL,UTA,SG,1.0,,,,,,,,,,,,,,3,
Isaiah Collier,2026-03-07,0,MIL,UTA,,0.0,,,,,,,,,,,,,,3,
Jaren Jackson Jr.,2026-03-07,0,MIL,UTA,PF,1.0,,,,,,,,,,,,,,24,
John Konchar,2026-03-07,0,MIL,UTA,,0.0,,,,,,,,,,,,,,3,
Jusuf Nurkić,2026-03-07,0,MIL,UTA,C,1.0,,,,,,,,,,,,,,24,
Kevin Love,2026-03-07,0,MIL,UTA,,0.0,,,,,,,,,,,,,,7,
Keyonte George,2026-03-07,0,MIL,UTA,PG,1.0,,,,,,,,,,,,,,3,
Kyle Filipowski,2026-03-07,0,MIL,UTA,C,1.0,,,,,,,,,,,,,,3,
Lauri Markkanen,2026-03-07,0,MIL,UTA,PF,1.0,,,,,,,,,,,,,,12,
Mo Bamba,2026-03-07,0,MIL,UTA,,0.0,,,,,,,,,,,,,,3,
Oscar Tshiebwe,2026-03-07,0,MIL,UTA,,0.0,,,,,,,,,,,,,,3,
Svi Mykhailiuk,2026-03-07,0,MIL,UTA,,0.0,,,,,,,,,,,,,,5,
Vince Williams Jr.,2026-03-07,0,MIL,UTA,,0.0,,,,,,,,,,,,,,12,
Walker Kessler,2026-03-07,0,MIL,UTA,C,1.0,,,,,,,,,,,,,,127,
Aaron Wiggins,2026-03-07,1,GSW,OKC,,0.0,,,,,,,,,,,,,,3,
Ajay Mitchell,2026-03-07,1,GSW,OKC,SG,1.0,,,,,,,,,,,,,,45,
Alex Caruso,2026-03-07,1,GSW,OKC,,0.0,,,,,,,,,,,,,,3,
Branden Carlson,2026-03-07,1,GSW,OKC,,0.0,,,,,,,,,,,,,,10,
Brooks Barnhizer,2026-03-07,1,GSW,OKC,,0.0,,,,,,,,,,,,,,4,
Buddy Boeheim,2026-03-07,1,GSW,OKC,,0.0,,,,,,,,,,,,,,10,
Cason Wallace,2026-03-07,1,GSW,OKC,PG,1.0,,,,,,,,,,,,,,3,
Chet Holmgren,2026-03-07,1,GSW,OKC,PF,1.0,,,,,,,,,,,,,,3,
Chris Youngblood,2026-03-07,1,GSW,OKC,,0.0,,,,,,,,,,,,,,31,
Isaiah Hartenstein,2026-03-07,1,GSW,OKC,C,1.0,,,,,,,,,,,,,,3,
Isaiah Joe,2026-03-07,1,GSW,OKC,,0.0,,,,,,,,,,,,,,3,
Jalen Williams,2026-03-07,1,GSW,OKC,SF,1.0,,,,,,,,,,,,,,24,
Jared McCain,2026-03-07,1,GSW,OKC,,0.0,,,,,,,,,,,,,,3,
Jaylin Williams,2026-03-07,1,GSW,OKC,,0.0,,,,,,,,,,,,,,3,
Kenrich Williams,2026-03-07,1,GSW,OKC,,0.0,,,,,,,,,,,,,,3,
Luguentz Dort,2026-03-07,1,GSW,OKC,SF,1.0,,,,,,,,,,,,,,3,
Nikola Topić,2026-03-07,1,GSW,OKC,,0.0,,,,,,,,,,,,,,10,
Shai Gilgeous-Alexander,2026-03-07,1,GSW,OKC,SG,1.0,,,,,,,,,,,,,,3,
Al Horford,2026-03-07,0,OKC,GSW,C,1.0,,,,,,,,,,,,,,5,
Brandin Podziemski,2026-03-07,0,OKC,GSW,PG,1.0,,,,,,,,,,,,,,5,
De'Anthony Melton,2026-03-07,0,OKC,GSW,SG,1.0,,,,,,,,,,,,,,5,
Draymond Green,2026-03-07,0,OKC,GSW,PF,1.0,,,,,,,,,,,,,,5,
Gary Payton II,2026-03-07,0,OKC,GSW,,0.0,,,,,,,,,,,,,,7,
Gui Santos,2026-03-07,0,OKC,GSW,,0.0,,,,,,,,,,,,,,5,
Jimmy Butler III,2026-03-07,0,OKC,GSW,PF,1.0,,,,,,,,,,,,,,47,
Kristaps Porziņģis,2026-03-07,0,OKC,GSW,,0.0,,,,,,,,,,,,,,16,
LJ Cryer,2026-03-07,0,OKC,GSW,,0.0,,,,,,,,,,,,,,41,
Malevy Leons,2026-03-07,0,OKC,GSW,,0.0,,,,,,,,,,,,,,5,
Moses Moody,2026-03-07,0,OKC,GSW,SF,1.0,,,,,,,,,,,,,,5,
Nate Williams,2026-03-07,0,OKC,GSW,,0.0,,,,,,,,,,,,,,5,
Pat Spencer,2026-03-07,0,OKC,GSW,,0.0,,,,,,,,,,,,,,5,
Quinten Post,2026-03-07,0,OKC,GSW,,0.0,,,,,,,,,,,,,,5,
Seth Curry,2026-03-07,0,OKC,GSW,,0.0,,,,,,,,,,,,,,93,
Stephen Curry,2026-03-07,0,OKC,GSW,PG,1.0,,,,,,,,,,,,,,36,
Will Richard,2026-03-07,0,OKC,GSW,,0.0,,,,,,,,,,,,,,7,
