game_date,game,team,opponent,player_name,lineup_status,market,projection,bet_higher_if_line_leq,bet_lower_if_line_geq,confidence_flag,historical_games_used
2026-03-05,NOP @ SAC,SAC,NOP,DeMar DeRozan,expected,PRA,24.97,22.5,27.0,high_confidence,63
2026-03-05,NOP @ SAC,SAC,NOP,DeMar DeRozan,expected,PTS,17.88,16.0,19.5,high_confidence,63
2026-03-05,NOP @ SAC,SAC,NOP,DeMar DeRozan,expected,AST,4.23,3.0,5.5,high_confidence,63
2026-03-05,NOP @ SAC,SAC,NOP,DeMar DeRozan,expected,REB,2.86,1.5,4.0,high_confidence,63
2026-03-05,NOP @ SAC,SAC,NOP,DeMar DeRozan,expected,TO,1.25,0.5,2.0,high_confidence,63
2026-03-05,NOP @ SAC,SAC,NOP,DeMar DeRozan,expected,3PM,0.66,,1.5,high_confidence,63
2026-03-05,NOP @ SAC,SAC,NOP,DeMar DeRozan,expected,STL,0.58,,1.5,high_confidence,63
2026-03-05,NOP @ SAC,SAC,NOP,DeMar DeRozan,expected,BLK,0.5,,1.5,high_confidence,63
2026-03-05,TOR @ MIN,MIN,TOR,Julius Randle,confirmed,PRA,34.65,32.5,37.0,high_confidence,62
2026-03-05,TOR @ MIN,MIN,TOR,Donte DiVincenzo,confirmed,PRA,22.61,20.5,25.0,high_confidence,62
2026-03-05,TOR @ MIN,MIN,TOR,Julius Randle,confirmed,PTS,22.3,20.5,24.0,high_confidence,62
2026-03-05,DET @ SAS,SAS,DET,Julian Champagnie,confirmed,PRA,19.6,17.5,22.0,high_confidence,62
2026-03-05,TOR @ MIN,MIN,TOR,Donte DiVincenzo,confirmed,PTS,13.74,12.0,15.5,high_confidence,62
2026-03-05,DET @ SAS,SAS,DET,Julian Champagnie,confirmed,PTS,12.48,10.5,14.0,high_confidence,62
2026-03-05,TOR @ MIN,MIN,TOR,Julius Randle,confirmed,REB,7.01,6.0,8.5,high_confidence,62
2026-03-05,DET @ SAS,SAS,DET,Julian Champagnie,confirmed,REB,5.67,4.5,7.0,high_confidence,62
2026-03-05,TOR @ MIN,MIN,TOR,Julius Randle,confirmed,AST,5.34,4.0,6.5,high_confidence,62
2026-03-05,TOR @ MIN,MIN,TOR,Donte DiVincenzo,confirmed,AST,4.6,3.5,6.0,high_confidence,62
2026-03-05,TOR @ MIN,MIN,TOR,Donte DiVincenzo,confirmed,REB,4.27,3.0,5.5,high_confidence,62
2026-03-05,TOR @ MIN,MIN,TOR,Donte DiVincenzo,confirmed,3PM,2.9,2.0,3.5,high_confidence,62
2026-03-05,DET @ SAS,SAS,DET,Julian Champagnie,confirmed,3PM,2.8,2.0,3.5,high_confidence,62
2026-03-05,TOR @ MIN,MIN,TOR,Julius Randle,confirmed,TO,2.51,2.0,3.5,high_confidence,62
2026-03-05,TOR @ MIN,MIN,TOR,Donte DiVincenzo,confirmed,TO,1.93,1.0,2.5,high_confidence,62
2026-03-05,DET @ SAS,SAS,DET,Julian Champagnie,confirmed,AST,1.45,,2.5,high_confidence,62
2026-03-05,TOR @ MIN,MIN,TOR,Julius Randle,confirmed,3PM,1.23,0.5,2.0,high_confidence,62
2026-03-05,TOR @ MIN,MIN,TOR,Donte DiVincenzo,confirmed,STL,1.21,0.5,2.0,high_confidence,62
2026-03-05,DET @ SAS,SAS,DET,Julian Champagnie,confirmed,TO,0.96,,1.5,high_confidence,62
2026-03-05,TOR @ MIN,MIN,TOR,Julius Randle,confirmed,STL,0.75,,1.5,high_confidence,62
2026-03-05,DET @ SAS,SAS,DET,Julian Champagnie,confirmed,STL,0.68,,1.5,high_confidence,62
2026-03-05,DET @ SAS,SAS,DET,Julian Champagnie,confirmed,BLK,0.53,,1.5,high_confidence,62
2026-03-05,TOR @ MIN,MIN,TOR,Julius Randle,confirmed,BLK,0.37,,1.0,high_confidence,62
2026-03-05,TOR @ MIN,MIN,TOR,Donte DiVincenzo,confirmed,BLK,0.33,,1.0,high_confidence,62
2026-03-05,MIN @ TOR,TOR,MIN,Scottie Barnes,confirmed,PRA,34.05,32.0,36.5,high_confidence,61
2026-03-05,MIN @ TOR,TOR,MIN,Brandon Ingram,confirmed,PRA,33.12,31.0,35.5,high_confidence,61
2026-03-05,HOU @ GSW,GSW,HOU,Brandin Podziemski,confirmed,PRA,27.62,25.5,30.0,high_confidence,61
2026-03-05,WAS @ UTA,UTA,WAS,Kyle Filipowski,confirmed,PRA,25.65,23.5,28.0,high_confidence,61
2026-03-05,MIN @ TOR,TOR,MIN,Brandon Ingram,confirmed,PTS,24.03,22.5,26.0,high_confidence,61
2026-03-05,MIN @ TOR,TOR,MIN,Scottie Barnes,confirmed,PTS,20.89,19.0,22.5,high_confidence,61
2026-03-05,CHI @ PHX,PHX,CHI,Royce O'Neale,expected,PRA,20.81,18.5,23.0,high_confidence,61
2026-03-05,CHI @ PHX,PHX,CHI,Oso Ighodaro,expected,PRA,18.62,16.5,21.0,high_confidence,61
2026-03-05,HOU @ GSW,GSW,HOU,Brandin Podziemski,confirmed,PTS,17.63,16.0,19.5,high_confidence,61
2026-03-05,CHI @ PHX,PHX,CHI,Royce O'Neale,expected,PTS,12.91,11.0,14.5,high_confidence,61
2026-03-05,WAS @ UTA,UTA,WAS,Kyle Filipowski,confirmed,PTS,11.85,10.0,13.5,high_confidence,61
2026-03-05,WAS @ UTA,UTA,WAS,Kyle Filipowski,confirmed,REB,10.23,9.0,11.5,high_confidence,61
2026-03-05,CHI @ PHX,PHX,CHI,Oso Ighodaro,expected,PTS,9.5,7.5,11.0,high_confidence,61
2026-03-05,MIN @ TOR,TOR,MIN,Scottie Barnes,confirmed,REB,7.59,6.5,9.0,high_confidence,61
2026-03-05,CHI @ PHX,PHX,CHI,Oso Ighodaro,expected,REB,6.55,5.5,8.0,high_confidence,61
2026-03-05,MIN @ TOR,TOR,MIN,Scottie Barnes,confirmed,AST,5.56,4.5,7.0,high_confidence,61
2026-03-05,HOU @ GSW,GSW,HOU,Brandin Podziemski,confirmed,REB,5.46,4.0,6.5,high_confidence,61
2026-03-05,MIN @ TOR,TOR,MIN,Brandon Ingram,confirmed,REB,5.4,4.0,6.5,high_confidence,61
2026-03-05,CHI @ PHX,PHX,CHI,Royce O'Neale,expected,REB,4.94,3.5,6.0,high_confidence,61
2026-03-05,HOU @ GSW,GSW,HOU,Brandin Podziemski,confirmed,AST,4.53,3.5,6.0,high_confidence,61
2026-03-05,MIN @ TOR,TOR,MIN,Brandon Ingram,confirmed,AST,3.69,2.5,5.0,high_confidence,61
2026-03-05,WAS @ UTA,UTA,WAS,Kyle Filipowski,confirmed,AST,3.56,2.5,5.0,high_confidence,61
2026-03-05,CHI @ PHX,PHX,CHI,Royce O'Neale,expected,AST,2.95,1.5,4.0,high_confidence,61
2026-03-05,CHI @ PHX,PHX,CHI,Royce O'Neale,expected,3PM,2.79,2.0,3.5,high_confidence,61
2026-03-05,MIN @ TOR,TOR,MIN,Scottie Barnes,confirmed,TO,2.67,2.0,3.5,high_confidence,61
2026-03-05,CHI @ PHX,PHX,CHI,Oso Ighodaro,expected,AST,2.57,1.5,4.0,high_confidence,61
2026-03-05,MIN @ TOR,TOR,MIN,Brandon Ingram,confirmed,TO,2.54,2.0,3.5,high_confidence,61
2026-03-05,WAS @ UTA,UTA,WAS,Kyle Filipowski,confirmed,TO,2.45,1.5,3.0,high_confidence,61
2026-03-05,HOU @ GSW,GSW,HOU,Brandin Podziemski,confirmed,TO,1.94,1.0,2.5,high_confidence,61
2026-03-05,MIN @ TOR,TOR,MIN,Brandon Ingram,confirmed,3PM,1.69,1.0,2.5,high_confidence,61
2026-03-05,HOU @ GSW,GSW,HOU,Brandin Podziemski,confirmed,3PM,1.67,1.0,2.5,high_confidence,61
2026-03-05,CHI @ PHX,PHX,CHI,Oso Ighodaro,expected,TO,1.57,1.0,2.5,high_confidence,61
2026-03-05,MIN @ TOR,TOR,MIN,Scottie Barnes,confirmed,STL,1.54,1.0,2.5,high_confidence,61
2026-03-05,CHI @ PHX,PHX,CHI,Royce O'Neale,expected,TO,1.5,0.5,2.0,high_confidence,61
2026-03-05,CHI @ PHX,PHX,CHI,Oso Ighodaro,expected,STL,1.41,0.5,2.0,high_confidence,61
2026-03-05,CHI @ PHX,PHX,CHI,Royce O'Neale,expected,STL,1.4,0.5,2.0,high_confidence,61
2026-03-05,MIN @ TOR,TOR,MIN,Scottie Barnes,confirmed,BLK,1.29,0.5,2.0,high_confidence,61
2026-03-05,CHI @ PHX,PHX,CHI,Oso Ighodaro,expected,BLK,1.27,0.5,2.0,high_confidence,61
2026-03-05,WAS @ UTA,UTA,WAS,Kyle Filipowski,confirmed,STL,1.14,0.5,2.0,high_confidence,61
2026-03-05,HOU @ GSW,GSW,HOU,Brandin Podziemski,confirmed,STL,1.0,0.5,2.0,high_confidence,61
2026-03-05,WAS @ UTA,UTA,WAS,Kyle Filipowski,confirmed,3PM,0.91,,1.5,high_confidence,61
2026-03-05,MIN @ TOR,TOR,MIN,Brandon Ingram,confirmed,STL,0.84,,1.5,high_confidence,61
2026-03-05,MIN @ TOR,TOR,MIN,Scottie Barnes,confirmed,3PM,0.73,,1.5,high_confidence,61
2026-03-05,MIN @ TOR,TOR,MIN,Brandon Ingram,confirmed,BLK,0.72,,1.5,high_confidence,61
2026-03-05,WAS @ UTA,UTA,WAS,Kyle Filipowski,confirmed,BLK,0.5,,1.0,high_confidence,61
2026-03-05,CHI @ PHX,PHX,CHI,Royce O'Neale,expected,BLK,0.3,,1.0,high_confidence,61
2026-03-05,HOU @ GSW,GSW,HOU,Brandin Podziemski,confirmed,BLK,0.24,,1.0,high_confidence,61
2026-03-05,CHI @ PHX,PHX,CHI,Oso Ighodaro,expected,3PM,0.06,,1.0,high_confidence,61
2026-03-05,DAL @ ORL,ORL,DAL,Desmond Bane,confirmed,PRA,31.66,29.5,34.0,high_confidence,60
2026-03-05,CHI @ PHX,PHX,CHI,Collin Gillespie,expected,PRA,25.54,23.5,28.0,high_confidence,60
2026-03-05,TOR @ MIN,MIN,TOR,Jaden McDaniels,confirmed,PRA,23.42,21.0,25.5,high_confidence,60
2026-03-05,DAL @ ORL,ORL,DAL,Desmond Bane,confirmed,PTS,23.34,21.5,25.0,high_confidence,60
2026-03-05,TOR @ MIN,MIN,TOR,Jaden McDaniels,confirmed,PTS,15.71,14.0,17.5,high_confidence,60
2026-03-05,CHI @ PHX,PHX,CHI,Collin Gillespie,expected,PTS,15.58,14.0,17.5,high_confidence,60
2026-03-05,CHI @ PHX,PHX,CHI,Collin Gillespie,expected,AST,5.98,4.5,7.0,high_confidence,60
2026-03-05,TOR @ MIN,MIN,TOR,Jaden McDaniels,confirmed,REB,4.92,3.5,6.0,high_confidence,60
2026-03-05,DAL @ ORL,ORL,DAL,Desmond Bane,confirmed,AST,4.42,3.0,5.5,high_confidence,60
2026-03-05,CHI @ PHX,PHX,CHI,Collin Gillespie,expected,REB,3.98,2.5,5.0,high_confidence,60
2026-03-05,DAL @ ORL,ORL,DAL,Desmond Bane,confirmed,REB,3.9,2.5,5.0,high_confidence,60
2026-03-05,CHI @ PHX,PHX,CHI,Collin Gillespie,expected,3PM,3.7,3.0,4.5,high_confidence,60
2026-03-05,TOR @ MIN,MIN,TOR,Jaden McDaniels,confirmed,AST,2.8,1.5,4.0,high_confidence,60
2026-03-05,DAL @ ORL,ORL,DAL,Desmond Bane,confirmed,3PM,1.94,1.0,2.5,high_confidence,60
2026-03-05,CHI @ PHX,PHX,CHI,Collin Gillespie,expected,TO,1.93,1.0,2.5,high_confidence,60
2026-03-05,TOR @ MIN,MIN,TOR,Jaden McDaniels,confirmed,TO,1.82,1.0,2.5,high_confidence,60
2026-03-05,DAL @ ORL,ORL,DAL,Desmond Bane,confirmed,TO,1.8,1.0,2.5,high_confidence,60
2026-03-05,TOR @ MIN,MIN,TOR,Jaden McDaniels,confirmed,3PM,1.51,1.0,2.5,high_confidence,60
2026-03-05,CHI @ PHX,PHX,CHI,Collin Gillespie,expected,STL,1.4,0.5,2.0,high_confidence,60
2026-03-05,DAL @ ORL,ORL,DAL,Desmond Bane,confirmed,STL,1.15,0.5,2.0,high_confidence,60
2026-03-05,TOR @ MIN,MIN,TOR,Jaden McDaniels,confirmed,STL,0.96,,1.5,high_confidence,60
2026-03-05,TOR @ MIN,MIN,TOR,Jaden McDaniels,confirmed,BLK,0.84,,1.5,high_confidence,60
2026-03-05,DAL @ ORL,ORL,DAL,Desmond Bane,confirmed,BLK,0.47,,1.0,high_confidence,60
2026-03-05,CHI @ PHX,PHX,CHI,Collin Gillespie,expected,BLK,0.23,,1.0,high_confidence,60
2026-03-05,LAL @ DEN,DEN,LAL,Jamal Murray,expected,PRA,39.59,37.5,42.0,high_confidence,59
2026-03-05,GSW @ HOU,HOU,GSW,Kevin Durant,confirmed,PRA,37.71,35.5,40.0,high_confidence,59
2026-03-05,GSW @ HOU,HOU,GSW,Kevin Durant,confirmed,PTS,27.75,26.0,29.5,high_confidence,59
2026-03-05,LAL @ DEN,DEN,LAL,Jamal Murray,expected,PTS,27.22,25.5,29.0,high_confidence,59
2026-03-05,TOR @ MIN,MIN,TOR,Rudy Gobert,confirmed,PRA,22.81,20.5,25.0,high_confidence,59
2026-03-05,NOP @ SAC,SAC,NOP,Nique Clifford,expected,PRA,20.36,18.0,22.5,high_confidence,59
2026-03-05,NOP @ SAC,SAC,NOP,Nique Clifford,expected,PTS,11.49,9.5,13.0,high_confidence,59
2026-03-05,TOR @ MIN,MIN,TOR,Rudy Gobert,confirmed,REB,11.11,10.0,12.5,high_confidence,59
2026-03-05,TOR @ MIN,MIN,TOR,Rudy Gobert,confirmed,PTS,9.97,8.0,11.5,high_confidence,59
2026-03-05,LAL @ DEN,DEN,LAL,Jamal Murray,expected,AST,7.45,6.0,8.5,high_confidence,59
2026-03-05,GSW @ HOU,HOU,GSW,Kevin Durant,confirmed,REB,5.54,4.5,7.0,high_confidence,59
2026-03-05,NOP @ SAC,SAC,NOP,Nique Clifford,expected,REB,5.43,4.0,6.5,high_confidence,59
2026-03-05,LAL @ DEN,DEN,LAL,Jamal Murray,expected,REB,4.92,3.5,6.0,high_confidence,59
2026-03-05,GSW @ HOU,HOU,GSW,Kevin Durant,confirmed,AST,4.42,3.0,5.5,high_confidence,59
2026-03-05,NOP @ SAC,SAC,NOP,Nique Clifford,expected,AST,3.44,2.0,4.5,high_confidence,59
2026-03-05,LAL @ DEN,DEN,LAL,Jamal Murray,expected,3PM,3.4,2.5,4.0,high_confidence,59
2026-03-05,GSW @ HOU,HOU,GSW,Kevin Durant,confirmed,TO,2.85,2.0,3.5,high_confidence,59
2026-03-05,GSW @ HOU,HOU,GSW,Kevin Durant,confirmed,3PM,2.18,1.5,3.0,high_confidence,59
2026-03-05,NOP @ SAC,SAC,NOP,Nique Clifford,expected,TO,2.17,1.5,3.0,high_confidence,59
2026-03-05,NOP @ SAC,SAC,NOP,Nique Clifford,expected,STL,2.01,1.5,3.0,high_confidence,59
2026-03-05,TOR @ MIN,MIN,TOR,Rudy Gobert,confirmed,BLK,2.0,1.0,2.5,high_confidence,59
2026-03-05,LAL @ DEN,DEN,LAL,Jamal Murray,expected,TO,1.85,1.0,2.5,high_confidence,59
2026-03-05,TOR @ MIN,MIN,TOR,Rudy Gobert,confirmed,AST,1.73,0.5,3.0,high_confidence,59
2026-03-05,TOR @ MIN,MIN,TOR,Rudy Gobert,confirmed,TO,1.31,0.5,2.0,high_confidence,59
2026-03-05,NOP @ SAC,SAC,NOP,Nique Clifford,expected,3PM,1.14,0.5,2.0,high_confidence,59
2026-03-05,LAL @ DEN,DEN,LAL,Jamal Murray,expected,STL,0.88,,1.5,high_confidence,59
2026-03-05,TOR @ MIN,MIN,TOR,Rudy Gobert,confirmed,STL,0.86,,1.5,high_confidence,59
2026-03-05,NOP @ SAC,SAC,NOP,Nique Clifford,expected,BLK,0.83,,1.5,high_confidence,59
2026-03-05,GSW @ HOU,HOU,GSW,Kevin Durant,confirmed,BLK,0.81,,1.5,high_confidence,59
2026-03-05,GSW @ HOU,HOU,GSW,Kevin Durant,confirmed,STL,0.75,,1.5,high_confidence,59
2026-03-05,LAL @ DEN,DEN,LAL,Jamal Murray,expected,BLK,0.21,,1.0,high_confidence,59
2026-03-05,TOR @ MIN,MIN,TOR,Rudy Gobert,confirmed,3PM,0.03,,1.0,high_confidence,59
2026-03-05,GSW @ HOU,HOU,GSW,Amen Thompson,confirmed,PRA,31.5,29.0,33.5,high_confidence,58
2026-03-05,MIN @ TOR,TOR,MIN,Immanuel Quickley,confirmed,PRA,27.56,25.5,30.0,high_confidence,58
2026-03-05,NOP @ SAC,SAC,NOP,Russell Westbrook,expected,PRA,26.13,24.0,28.5,high_confidence,58
2026-03-05,DAL @ ORL,ORL,DAL,Anthony Black,confirmed,PRA,23.53,21.5,26.0,high_confidence,58
2026-03-05,GSW @ HOU,HOU,GSW,Amen Thompson,confirmed,PTS,18.51,17.0,20.5,high_confidence,58
2026-03-05,SAS @ DET,DET,SAS,Duncan Robinson,confirmed,PRA,18.45,16.0,20.5,high_confidence,58
2026-03-05,NOP @ SAC,SAC,NOP,Russell Westbrook,expected,PTS,16.82,15.0,18.5,high_confidence,58
2026-03-05,MIN @ TOR,TOR,MIN,Immanuel Quickley,confirmed,PTS,16.7,15.0,18.5,high_confidence,58
2026-03-05,DAL @ ORL,ORL,DAL,Anthony Black,confirmed,PTS,15.8,14.0,17.5,high_confidence,58
2026-03-05,SAS @ DET,DET,SAS,Duncan Robinson,confirmed,PTS,13.76,12.0,15.5,high_confidence,58
2026-03-05,GSW @ HOU,HOU,GSW,Amen Thompson,confirmed,REB,7.99,6.5,9.0,high_confidence,58
2026-03-05,MIN @ TOR,TOR,MIN,Immanuel Quickley,confirmed,AST,6.74,5.5,8.0,high_confidence,58
2026-03-05,GSW @ HOU,HOU,GSW,Amen Thompson,confirmed,AST,5.0,3.5,6.0,high_confidence,58
2026-03-05,NOP @ SAC,SAC,NOP,Russell Westbrook,expected,AST,4.74,3.5,6.0,high_confidence,58
2026-03-05,NOP @ SAC,SAC,NOP,Russell Westbrook,expected,REB,4.57,3.5,6.0,high_confidence,58
2026-03-05,DAL @ ORL,ORL,DAL,Anthony Black,confirmed,AST,4.12,3.0,5.5,high_confidence,58
2026-03-05,MIN @ TOR,TOR,MIN,Immanuel Quickley,confirmed,REB,4.12,3.0,5.5,high_confidence,58
2026-03-05,DAL @ ORL,ORL,DAL,Anthony Black,confirmed,REB,3.62,2.5,5.0,high_confidence,58
2026-03-05,NOP @ SAC,SAC,NOP,Russell Westbrook,expected,TO,3.3,2.5,4.0,high_confidence,58
2026-03-05,SAS @ DET,DET,SAS,Duncan Robinson,confirmed,3PM,2.94,2.0,3.5,high_confidence,58
2026-03-05,GSW @ HOU,HOU,GSW,Amen Thompson,confirmed,TO,2.68,2.0,3.5,high_confidence,58
2026-03-05,MIN @ TOR,TOR,MIN,Immanuel Quickley,confirmed,3PM,2.65,2.0,3.5,high_confidence,58
2026-03-05,SAS @ DET,DET,SAS,Duncan Robinson,confirmed,REB,2.65,1.5,4.0,high_confidence,58
2026-03-05,NOP @ SAC,SAC,NOP,Russell Westbrook,expected,3PM,2.16,1.5,3.0,high_confidence,58
2026-03-05,SAS @ DET,DET,SAS,Duncan Robinson,confirmed,AST,2.04,1.0,3.5,high_confidence,58
2026-03-05,MIN @ TOR,TOR,MIN,Immanuel Quickley,confirmed,TO,1.96,1.0,2.5,high_confidence,58
2026-03-05,DAL @ ORL,ORL,DAL,Anthony Black,confirmed,TO,1.83,1.0,2.5,high_confidence,58
2026-03-05,DAL @ ORL,ORL,DAL,Anthony Black,confirmed,3PM,1.65,1.0,2.5,high_confidence,58
2026-03-05,DAL @ ORL,ORL,DAL,Anthony Black,confirmed,STL,1.3,0.5,2.0,high_confidence,58
2026-03-05,GSW @ HOU,HOU,GSW,Amen Thompson,confirmed,STL,1.28,0.5,2.0,high_confidence,58
2026-03-05,NOP @ SAC,SAC,NOP,Russell Westbrook,expected,STL,1.25,0.5,2.0,high_confidence,58
2026-03-05,MIN @ TOR,TOR,MIN,Immanuel Quickley,confirmed,STL,1.15,0.5,2.0,high_confidence,58
2026-03-05,GSW @ HOU,HOU,GSW,Amen Thompson,confirmed,BLK,0.65,,1.5,high_confidence,58
2026-03-05,DAL @ ORL,ORL,DAL,Anthony Black,confirmed,BLK,0.62,,1.5,high_confidence,58
2026-03-05,SAS @ DET,DET,SAS,Duncan Robinson,confirmed,TO,0.62,,1.5,high_confidence,58
2026-03-05,SAS @ DET,DET,SAS,Duncan Robinson,confirmed,STL,0.57,,1.5,high_confidence,58
2026-03-05,SAS @ DET,DET,SAS,Duncan Robinson,confirmed,BLK,0.29,,1.0,high_confidence,58
2026-03-05,GSW @ HOU,HOU,GSW,Amen Thompson,confirmed,3PM,0.28,,1.0,high_confidence,58
2026-03-05,NOP @ SAC,SAC,NOP,Russell Westbrook,expected,BLK,0.15,,1.0,high_confidence,58
2026-03-05,MIN @ TOR,TOR,MIN,Immanuel Quickley,confirmed,BLK,0.09,,1.0,high_confidence,58
2026-03-05,DAL @ ORL,ORL,DAL,Wendell Carter Jr.,confirmed,PRA,23.27,21.0,25.5,high_confidence,57
2026-03-05,WAS @ UTA,UTA,WAS,Ace Bailey,confirmed,PRA,19.9,17.5,22.0,high_confidence,57
2026-03-05,GSW @ HOU,HOU,GSW,Jabari Smith Jr.,confirmed,PRA,19.62,17.5,22.0,high_confidence,57
2026-03-05,WAS @ UTA,UTA,WAS,Ace Bailey,confirmed,PTS,13.76,12.0,15.5,high_confidence,57
2026-03-05,GSW @ HOU,HOU,GSW,Jabari Smith Jr.,confirmed,PTS,11.84,10.0,13.5,high_confidence,57
2026-03-05,DAL @ ORL,ORL,DAL,Wendell Carter Jr.,confirmed,PTS,11.16,9.5,13.0,high_confidence,57
2026-03-05,DAL @ ORL,ORL,DAL,Wendell Carter Jr.,confirmed,REB,9.3,8.0,10.5,high_confidence,57
2026-03-05,GSW @ HOU,HOU,GSW,Jabari Smith Jr.,confirmed,REB,6.12,5.0,7.5,high_confidence,57
2026-03-05,WAS @ UTA,UTA,WAS,Ace Bailey,confirmed,REB,3.83,2.5,5.0,high_confidence,57
2026-03-05,DAL @ ORL,ORL,DAL,Wendell Carter Jr.,confirmed,AST,2.81,1.5,4.0,high_confidence,57
2026-03-05,WAS @ UTA,UTA,WAS,Ace Bailey,confirmed,AST,2.31,1.0,3.5,high_confidence,57
2026-03-05,GSW @ HOU,HOU,GSW,Jabari Smith Jr.,confirmed,3PM,1.94,1.0,2.5,high_confidence,57
2026-03-05,WAS @ UTA,UTA,WAS,Ace Bailey,confirmed,3PM,1.81,1.0,2.5,high_confidence,57
2026-03-05,DAL @ ORL,ORL,DAL,Wendell Carter Jr.,confirmed,TO,1.73,1.0,2.5,high_confidence,57
2026-03-05,GSW @ HOU,HOU,GSW,Jabari Smith Jr.,confirmed,AST,1.66,0.5,3.0,high_confidence,57
2026-03-05,WAS @ UTA,UTA,WAS,Ace Bailey,confirmed,TO,1.39,0.5,2.0,high_confidence,57
2026-03-05,GSW @ HOU,HOU,GSW,Jabari Smith Jr.,confirmed,TO,1.38,0.5,2.0,high_confidence,57
2026-03-05,WAS @ UTA,UTA,WAS,Ace Bailey,confirmed,STL,1.37,0.5,2.0,high_confidence,57
2026-03-05,GSW @ HOU,HOU,GSW,Jabari Smith Jr.,confirmed,BLK,0.93,,1.5,high_confidence,57
2026-03-05,GSW @ HOU,HOU,GSW,Jabari Smith Jr.,confirmed,STL,0.85,,1.5,high_confidence,57
2026-03-05,DAL @ ORL,ORL,DAL,Wendell Carter Jr.,confirmed,STL,0.83,,1.5,high_confidence,57
2026-03-05,DAL @ ORL,ORL,DAL,Wendell Carter Jr.,confirmed,3PM,0.62,,1.5,high_confidence,57
2026-03-05,DAL @ ORL,ORL,DAL,Wendell Carter Jr.,confirmed,BLK,0.59,,1.5,high_confidence,57
2026-03-05,WAS @ UTA,UTA,WAS,Ace Bailey,confirmed,BLK,0.47,,1.0,high_confidence,57
2026-03-05,SAS @ DET,DET,SAS,Cade Cunningham,confirmed,PRA,43.26,41.0,45.5,high_confidence,56
2026-03-05,SAC @ NOP,NOP,SAC,Saddiq Bey,expected,PRA,27.55,25.5,30.0,high_confidence,56
2026-03-05,SAS @ DET,DET,SAS,Cade Cunningham,confirmed,PTS,27.07,25.5,29.0,high_confidence,56
2026-03-05,BKN @ MIA,MIA,BKN,Andrew Wiggins,confirmed,PRA,23.96,21.5,26.0,high_confidence,56
2026-03-05,ORL @ DAL,DAL,ORL,Max Christie,confirmed,PRA,20.08,18.0,22.5,high_confidence,56
2026-03-05,SAC @ NOP,NOP,SAC,Saddiq Bey,expected,PTS,18.86,17.0,20.5,high_confidence,56
2026-03-05,SAS @ DET,DET,SAS,Ausar Thompson,confirmed,PRA,18.55,16.5,21.0,high_confidence,56
2026-03-05,BKN @ MIA,MIA,BKN,Andrew Wiggins,confirmed,PTS,15.9,14.0,17.5,high_confidence,56
2026-03-05,ORL @ DAL,DAL,ORL,Max Christie,confirmed,PTS,13.93,12.0,15.5,high_confidence,56
2026-03-05,SAS @ DET,DET,SAS,Cade Cunningham,confirmed,AST,10.11,9.0,11.5,high_confidence,56
2026-03-05,SAS @ DET,DET,SAS,Ausar Thompson,confirmed,PTS,9.15,7.5,11.0,high_confidence,56
2026-03-05,SAS @ DET,DET,SAS,Cade Cunningham,confirmed,REB,6.09,5.0,7.5,high_confidence,56
2026-03-05,SAS @ DET,DET,SAS,Ausar Thompson,confirmed,REB,6.04,5.0,7.5,high_confidence,56
2026-03-05,SAC @ NOP,NOP,SAC,Saddiq Bey,expected,REB,5.78,4.5,7.0,high_confidence,56
2026-03-05,BKN @ MIA,MIA,BKN,Andrew Wiggins,confirmed,REB,5.2,4.0,6.5,high_confidence,56
2026-03-05,SAS @ DET,DET,SAS,Cade Cunningham,confirmed,TO,3.68,3.0,4.5,high_confidence,56
2026-03-05,ORL @ DAL,DAL,ORL,Max Christie,confirmed,REB,3.62,2.5,5.0,high_confidence,56
2026-03-05,SAS @ DET,DET,SAS,Ausar Thompson,confirmed,AST,3.35,2.0,4.5,high_confidence,56
2026-03-05,SAC @ NOP,NOP,SAC,Saddiq Bey,expected,AST,2.91,1.5,4.0,high_confidence,56
2026-03-05,BKN @ MIA,MIA,BKN,Andrew Wiggins,confirmed,AST,2.86,1.5,4.0,high_confidence,56
2026-03-05,ORL @ DAL,DAL,ORL,Max Christie,confirmed,AST,2.52,1.5,4.0,high_confidence,56
2026-03-05,ORL @ DAL,DAL,ORL,Max Christie,confirmed,3PM,2.22,1.5,3.0,high_confidence,56
2026-03-05,BKN @ MIA,MIA,BKN,Andrew Wiggins,confirmed,3PM,1.96,1.0,2.5,high_confidence,56
2026-03-05,SAC @ NOP,NOP,SAC,Saddiq Bey,expected,3PM,1.96,1.0,2.5,high_confidence,56
2026-03-05,SAS @ DET,DET,SAS,Ausar Thompson,confirmed,STL,1.89,1.0,2.5,high_confidence,56
2026-03-05,SAC @ NOP,NOP,SAC,Saddiq Bey,expected,TO,1.74,1.0,2.5,high_confidence,56
2026-03-05,BKN @ MIA,MIA,BKN,Andrew Wiggins,confirmed,TO,1.69,1.0,2.5,high_confidence,56
2026-03-05,SAS @ DET,DET,SAS,Cade Cunningham,confirmed,3PM,1.69,1.0,2.5,high_confidence,56
2026-03-05,SAS @ DET,DET,SAS,Cade Cunningham,confirmed,STL,1.45,0.5,2.0,high_confidence,56
2026-03-05,SAS @ DET,DET,SAS,Ausar Thompson,confirmed,TO,1.4,0.5,2.0,high_confidence,56
2026-03-05,ORL @ DAL,DAL,ORL,Max Christie,confirmed,TO,1.15,0.5,2.0,high_confidence,56
2026-03-05,BKN @ MIA,MIA,BKN,Andrew Wiggins,confirmed,STL,1.08,0.5,2.0,high_confidence,56
2026-03-05,BKN @ MIA,MIA,BKN,Andrew Wiggins,confirmed,BLK,1.08,0.5,2.0,high_confidence,56
2026-03-05,SAC @ NOP,NOP,SAC,Saddiq Bey,expected,STL,0.89,,1.5,high_confidence,56
2026-03-05,SAS @ DET,DET,SAS,Ausar Thompson,confirmed,BLK,0.76,,1.5,high_confidence,56
2026-03-05,ORL @ DAL,DAL,ORL,Max Christie,confirmed,STL,0.72,,1.5,high_confidence,56
2026-03-05,SAS @ DET,DET,SAS,Cade Cunningham,confirmed,BLK,0.72,,1.5,high_confidence,56
2026-03-05,ORL @ DAL,DAL,ORL,Max Christie,confirmed,BLK,0.17,,1.0,high_confidence,56
2026-03-05,SAS @ DET,DET,SAS,Ausar Thompson,confirmed,3PM,0.12,,1.0,high_confidence,56
2026-03-05,SAC @ NOP,NOP,SAC,Saddiq Bey,expected,BLK,0.1,,1.0,high_confidence,56
2026-03-05,GSW @ HOU,HOU,GSW,Alperen Sengun,confirmed,PRA,37.02,35.0,39.5,high_confidence,55
2026-03-05,DET @ SAS,SAS,DET,De'Aaron Fox,confirmed,PRA,27.29,25.0,29.5,high_confidence,55
2026-03-05,NOP @ SAC,SAC,NOP,Maxime Raynaud,expected,PRA,27.18,25.0,29.5,high_confidence,55
2026-03-05,MIA @ BKN,BKN,MIA,Nic Claxton,confirmed,PRA,22.89,20.5,25.0,high_confidence,55
2026-03-05,GSW @ HOU,HOU,GSW,Alperen Sengun,confirmed,PTS,20.63,19.0,22.5,high_confidence,55
2026-03-05,MIA @ BKN,BKN,MIA,Noah Clowney,confirmed,PRA,20.57,18.5,23.0,high_confidence,55
2026-03-05,NOP @ SAC,SAC,NOP,Precious Achiuwa,expected,PRA,19.18,17.0,21.5,high_confidence,55
2026-03-05,DET @ SAS,SAS,DET,De'Aaron Fox,confirmed,PTS,18.26,16.5,20.0,high_confidence,55
2026-03-05,NOP @ SAC,SAC,NOP,Maxime Raynaud,expected,PTS,14.79,13.0,16.5,high_confidence,55
2026-03-05,MIA @ BKN,BKN,MIA,Noah Clowney,confirmed,PTS,14.14,12.5,16.0,high_confidence,55
2026-03-05,MIA @ BKN,BKN,MIA,Nic Claxton,confirmed,PTS,11.97,10.0,13.5,high_confidence,55
2026-03-05,NOP @ SAC,SAC,NOP,Maxime Raynaud,expected,REB,11.4,10.0,12.5,high_confidence,55
2026-03-05,GSW @ HOU,HOU,GSW,Alperen Sengun,confirmed,REB,9.94,8.5,11.0,high_confidence,55
2026-03-05,NOP @ SAC,SAC,NOP,Precious Achiuwa,expected,PTS,9.84,8.0,11.5,high_confidence,55
2026-03-05,NOP @ SAC,SAC,NOP,Precious Achiuwa,expected,REB,7.55,6.5,9.0,high_confidence,55
2026-03-05,MIA @ BKN,BKN,MIA,Nic Claxton,confirmed,REB,6.92,5.5,8.0,high_confidence,55
2026-03-05,GSW @ HOU,HOU,GSW,Alperen Sengun,confirmed,AST,6.45,5.0,7.5,high_confidence,55
2026-03-05,DET @ SAS,SAS,DET,De'Aaron Fox,confirmed,AST,5.75,4.5,7.0,high_confidence,55
2026-03-05,MIA @ BKN,BKN,MIA,Noah Clowney,confirmed,REB,4.69,3.5,6.0,high_confidence,55
2026-03-05,MIA @ BKN,BKN,MIA,Nic Claxton,confirmed,AST,4.0,2.5,5.0,high_confidence,55
2026-03-05,GSW @ HOU,HOU,GSW,Alperen Sengun,confirmed,TO,3.61,3.0,4.5,high_confidence,55
2026-03-05,DET @ SAS,SAS,DET,De'Aaron Fox,confirmed,REB,3.28,2.0,4.5,high_confidence,55
2026-03-05,MIA @ BKN,BKN,MIA,Noah Clowney,confirmed,3PM,2.67,2.0,3.5,high_confidence,55
2026-03-05,DET @ SAS,SAS,DET,De'Aaron Fox,confirmed,TO,2.45,1.5,3.0,high_confidence,55
2026-03-05,DET @ SAS,SAS,DET,De'Aaron Fox,confirmed,3PM,1.92,1.0,2.5,high_confidence,55
2026-03-05,NOP @ SAC,SAC,NOP,Precious Achiuwa,expected,AST,1.78,0.5,3.0,high_confidence,55
2026-03-05,MIA @ BKN,BKN,MIA,Noah Clowney,confirmed,AST,1.74,0.5,3.0,high_confidence,55
2026-03-05,NOP @ SAC,SAC,NOP,Maxime Raynaud,expected,TO,1.67,1.0,2.5,high_confidence,55
2026-03-05,MIA @ BKN,BKN,MIA,Noah Clowney,confirmed,TO,1.28,0.5,2.0,high_confidence,55
2026-03-05,GSW @ HOU,HOU,GSW,Alperen Sengun,confirmed,STL,1.24,0.5,2.0,high_confidence,55
2026-03-05,DET @ SAS,SAS,DET,De'Aaron Fox,confirmed,STL,1.17,0.5,2.0,high_confidence,55
2026-03-05,GSW @ HOU,HOU,GSW,Alperen Sengun,confirmed,BLK,1.15,0.5,2.0,high_confidence,55
2026-03-05,NOP @ SAC,SAC,NOP,Precious Achiuwa,expected,BLK,1.11,0.5,2.0,high_confidence,55
2026-03-05,MIA @ BKN,BKN,MIA,Nic Claxton,confirmed,BLK,1.1,0.5,2.0,high_confidence,55
2026-03-05,MIA @ BKN,BKN,MIA,Nic Claxton,confirmed,TO,1.09,0.5,2.0,high_confidence,55
2026-03-05,NOP @ SAC,SAC,NOP,Precious Achiuwa,expected,TO,1.04,0.5,2.0,high_confidence,55
2026-03-05,NOP @ SAC,SAC,NOP,Maxime Raynaud,expected,AST,0.99,,2.0,high_confidence,55
2026-03-05,NOP @ SAC,SAC,NOP,Precious Achiuwa,expected,STL,0.83,,1.5,high_confidence,55
2026-03-05,MIA @ BKN,BKN,MIA,Noah Clowney,confirmed,STL,0.72,,1.5,high_confidence,55
2026-03-05,MIA @ BKN,BKN,MIA,Noah Clowney,confirmed,BLK,0.67,,1.5,high_confidence,55
2026-03-05,MIA @ BKN,BKN,MIA,Nic Claxton,confirmed,STL,0.66,,1.5,high_confidence,55
2026-03-05,NOP @ SAC,SAC,NOP,Maxime Raynaud,expected,STL,0.5,,1.0,high_confidence,55
2026-03-05,NOP @ SAC,SAC,NOP,Maxime Raynaud,expected,BLK,0.49,,1.0,high_confidence,55
2026-03-05,GSW @ HOU,HOU,GSW,Alperen Sengun,confirmed,3PM,0.46,,1.0,high_confidence,55
2026-03-05,NOP @ SAC,SAC,NOP,Precious Achiuwa,expected,3PM,0.4,,1.0,high_confidence,55
2026-03-05,DET @ SAS,SAS,DET,De'Aaron Fox,confirmed,BLK,0.2,,1.0,high_confidence,55
2026-03-05,NOP @ SAC,SAC,NOP,Maxime Raynaud,expected,3PM,0.07,,1.0,high_confidence,55
2026-03-05,MIA @ BKN,BKN,MIA,Nic Claxton,confirmed,3PM,0.06,,1.0,high_confidence,55
2026-03-05,TOR @ MIN,MIN,TOR,Anthony Edwards,confirmed,PRA,36.42,34.0,38.5,high_confidence,54
2026-03-05,BKN @ MIA,MIA,BKN,Bam Adebayo,confirmed,PRA,33.39,31.0,35.5,high_confidence,54
2026-03-05,SAC @ NOP,NOP,SAC,Trey Murphy III,expected,PRA,31.25,29.0,33.5,high_confidence,54
2026-03-05,DET @ SAS,SAS,DET,Stephon Castle,confirmed,PRA,27.93,25.5,30.0,high_confidence,54
2026-03-05,TOR @ MIN,MIN,TOR,Anthony Edwards,confirmed,PTS,27.47,25.5,29.0,high_confidence,54
2026-03-05,WAS @ UTA,UTA,WAS,Isaiah Collier,confirmed,PRA,24.29,22.0,26.5,high_confidence,54
2026-03-05,SAC @ NOP,NOP,SAC,Trey Murphy III,expected,PTS,21.94,20.0,23.5,high_confidence,54
2026-03-05,BKN @ MIA,MIA,BKN,Bam Adebayo,confirmed,PTS,20.24,18.5,22.0,high_confidence,54
2026-03-05,DET @ SAS,SAS,DET,Stephon Castle,confirmed,PTS,16.83,15.0,18.5,high_confidence,54
2026-03-05,WAS @ UTA,UTA,WAS,Isaiah Collier,confirmed,PTS,16.19,14.5,18.0,high_confidence,54
2026-03-05,BKN @ MIA,MIA,BKN,Bam Adebayo,confirmed,REB,10.12,9.0,11.5,high_confidence,54
2026-03-05,DET @ SAS,SAS,DET,Stephon Castle,confirmed,AST,6.71,5.5,8.0,high_confidence,54
2026-03-05,WAS @ UTA,UTA,WAS,Isaiah Collier,confirmed,AST,6.04,5.0,7.5,high_confidence,54
2026-03-05,TOR @ MIN,MIN,TOR,Anthony Edwards,confirmed,REB,5.41,4.0,6.5,high_confidence,54
2026-03-05,SAC @ NOP,NOP,SAC,Trey Murphy III,expected,REB,5.33,4.0,6.5,high_confidence,54
2026-03-05,DET @ SAS,SAS,DET,Stephon Castle,confirmed,REB,4.39,3.0,5.5,high_confidence,54
2026-03-05,SAC @ NOP,NOP,SAC,Trey Murphy III,expected,AST,3.98,2.5,5.0,high_confidence,54
2026-03-05,DET @ SAS,SAS,DET,Stephon Castle,confirmed,TO,3.81,3.0,4.5,high_confidence,54
2026-03-05,TOR @ MIN,MIN,TOR,Anthony Edwards,confirmed,AST,3.54,2.5,5.0,high_confidence,54
2026-03-05,TOR @ MIN,MIN,TOR,Anthony Edwards,confirmed,3PM,3.51,3.0,4.5,high_confidence,54
2026-03-05,SAC @ NOP,NOP,SAC,Trey Murphy III,expected,3PM,3.37,2.5,4.0,high_confidence,54
2026-03-05,BKN @ MIA,MIA,BKN,Bam Adebayo,confirmed,AST,3.03,2.0,4.5,high_confidence,54
2026-03-05,WAS @ UTA,UTA,WAS,Isaiah Collier,confirmed,TO,2.69,2.0,3.5,high_confidence,54
2026-03-05,TOR @ MIN,MIN,TOR,Anthony Edwards,confirmed,TO,2.65,2.0,3.5,high_confidence,54
2026-03-05,SAC @ NOP,NOP,SAC,Trey Murphy III,expected,TO,2.19,1.5,3.0,high_confidence,54
2026-03-05,DET @ SAS,SAS,DET,Stephon Castle,confirmed,STL,2.16,1.5,3.0,high_confidence,54
2026-03-05,WAS @ UTA,UTA,WAS,Isaiah Collier,confirmed,REB,2.06,1.0,3.5,high_confidence,54
2026-03-05,BKN @ MIA,MIA,BKN,Bam Adebayo,confirmed,TO,1.87,1.0,2.5,high_confidence,54
2026-03-05,BKN @ MIA,MIA,BKN,Bam Adebayo,confirmed,3PM,1.62,1.0,2.5,high_confidence,54
2026-03-05,TOR @ MIN,MIN,TOR,Anthony Edwards,confirmed,STL,1.45,0.5,2.0,high_confidence,54
2026-03-05,SAC @ NOP,NOP,SAC,Trey Murphy III,expected,STL,1.45,0.5,2.0,high_confidence,54
2026-03-05,WAS @ UTA,UTA,WAS,Isaiah Collier,confirmed,STL,1.35,0.5,2.0,high_confidence,54
2026-03-05,BKN @ MIA,MIA,BKN,Bam Adebayo,confirmed,STL,1.14,0.5,2.0,high_confidence,54
2026-03-05,DET @ SAS,SAS,DET,Stephon Castle,confirmed,3PM,0.99,,1.5,high_confidence,54
2026-03-05,TOR @ MIN,MIN,TOR,Anthony Edwards,confirmed,BLK,0.95,,1.5,high_confidence,54
2026-03-05,BKN @ MIA,MIA,BKN,Bam Adebayo,confirmed,BLK,0.67,,1.5,high_confidence,54
2026-03-05,WAS @ UTA,UTA,WAS,Isaiah Collier,confirmed,BLK,0.42,,1.0,high_confidence,54
2026-03-05,DET @ SAS,SAS,DET,Stephon Castle,confirmed,BLK,0.4,,1.0,high_confidence,54
2026-03-05,WAS @ UTA,UTA,WAS,Isaiah Collier,confirmed,3PM,0.39,,1.0,high_confidence,54
2026-03-05,SAC @ NOP,NOP,SAC,Trey Murphy III,expected,BLK,0.3,,1.0,high_confidence,54
2026-03-05,DEN @ LAL,LAL,DEN,Deandre Ayton,expected,PRA,21.44,19.0,23.5,high_confidence,53
2026-03-05,MIA @ BKN,BKN,MIA,Terance Mann,confirmed,PRA,15.29,13.0,17.5,high_confidence,53
2026-03-05,PHX @ CHI,CHI,PHX,Isaac Okoro,expected,PRA,13.79,11.5,16.0,high_confidence,53
2026-03-05,DEN @ LAL,LAL,DEN,Deandre Ayton,expected,PTS,12.19,10.5,14.0,high_confidence,53
2026-03-05,PHX @ CHI,CHI,PHX,Isaac Okoro,expected,PTS,9.0,7.0,10.5,high_confidence,53
2026-03-05,MIA @ BKN,BKN,MIA,Terance Mann,confirmed,PTS,8.8,7.0,10.5,high_confidence,53
2026-03-05,DEN @ LAL,LAL,DEN,Deandre Ayton,expected,REB,8.23,7.0,9.5,high_confidence,53
2026-03-05,MIA @ BKN,BKN,MIA,Terance Mann,confirmed,REB,3.34,2.0,4.5,high_confidence,53
2026-03-05,MIA @ BKN,BKN,MIA,Terance Mann,confirmed,AST,3.15,2.0,4.5,high_confidence,53
2026-03-05,PHX @ CHI,CHI,PHX,Isaac Okoro,expected,REB,2.96,1.5,4.0,high_confidence,53
2026-03-05,PHX @ CHI,CHI,PHX,Isaac Okoro,expected,AST,1.84,0.5,3.0,high_confidence,53
2026-03-05,MIA @ BKN,BKN,MIA,Terance Mann,confirmed,TO,1.27,0.5,2.0,high_confidence,53
2026-03-05,PHX @ CHI,CHI,PHX,Isaac Okoro,expected,3PM,1.11,0.5,2.0,high_confidence,53
2026-03-05,DEN @ LAL,LAL,DEN,Deandre Ayton,expected,AST,1.02,,2.5,high_confidence,53
2026-03-05,DEN @ LAL,LAL,DEN,Deandre Ayton,expected,TO,1.01,0.5,2.0,high_confidence,53
2026-03-05,MIA @ BKN,BKN,MIA,Terance Mann,confirmed,3PM,0.99,,1.5,high_confidence,53
2026-03-05,MIA @ BKN,BKN,MIA,Terance Mann,confirmed,STL,0.85,,1.5,high_confidence,53
2026-03-05,DEN @ LAL,LAL,DEN,Deandre Ayton,expected,BLK,0.81,,1.5,high_confidence,53
2026-03-05,PHX @ CHI,CHI,PHX,Isaac Okoro,expected,STL,0.79,,1.5,high_confidence,53
2026-03-05,DEN @ LAL,LAL,DEN,Deandre Ayton,expected,STL,0.61,,1.5,high_confidence,53
2026-03-05,PHX @ CHI,CHI,PHX,Isaac Okoro,expected,TO,0.58,,1.5,high_confidence,53
2026-03-05,PHX @ CHI,CHI,PHX,Isaac Okoro,expected,BLK,0.36,,1.0,high_confidence,53
2026-03-05,MIA @ BKN,BKN,MIA,Terance Mann,confirmed,BLK,0.27,,1.0,high_confidence,53
2026-03-05,DEN @ LAL,LAL,DEN,Deandre Ayton,expected,3PM,0.04,,1.0,high_confidence,53
2026-03-05,SAS @ DET,DET,SAS,Jalen Duren,confirmed,PRA,32.28,30.0,34.5,high_confidence,52
2026-03-05,PHX @ CHI,CHI,PHX,Collin Sexton,expected,PRA,21.47,19.0,23.5,high_confidence,52
2026-03-05,SAS @ DET,DET,SAS,Jalen Duren,confirmed,PTS,19.51,18.0,21.5,high_confidence,52
2026-03-05,PHX @ CHI,CHI,PHX,Guerschon Yabusele,expected,PRA,16.77,14.5,19.0,high_confidence,52
2026-03-05,PHX @ CHI,CHI,PHX,Collin Sexton,expected,PTS,15.33,13.5,17.0,high_confidence,52
2026-03-05,SAS @ DET,DET,SAS,Jalen Duren,confirmed,REB,11.13,10.0,12.5,high_confidence,52
2026-03-05,PHX @ CHI,CHI,PHX,Guerschon Yabusele,expected,PTS,8.75,7.0,10.5,high_confidence,52
2026-03-05,PHX @ CHI,CHI,PHX,Guerschon Yabusele,expected,REB,5.67,4.5,7.0,high_confidence,52
2026-03-05,PHX @ CHI,CHI,PHX,Collin Sexton,expected,AST,3.38,2.0,4.5,high_confidence,52
2026-03-05,PHX @ CHI,CHI,PHX,Collin Sexton,expected,REB,2.77,1.5,4.0,high_confidence,52
2026-03-05,PHX @ CHI,CHI,PHX,Guerschon Yabusele,expected,AST,2.35,1.0,3.5,high_confidence,52
2026-03-05,PHX @ CHI,CHI,PHX,Collin Sexton,expected,TO,2.13,1.5,3.0,high_confidence,52
2026-03-05,PHX @ CHI,CHI,PHX,Collin Sexton,expected,3PM,1.86,1.0,2.5,high_confidence,52
2026-03-05,PHX @ CHI,CHI,PHX,Guerschon Yabusele,expected,3PM,1.75,1.0,2.5,high_confidence,52
2026-03-05,SAS @ DET,DET,SAS,Jalen Duren,confirmed,TO,1.69,1.0,2.5,high_confidence,52
2026-03-05,SAS @ DET,DET,SAS,Jalen Duren,confirmed,AST,1.64,0.5,3.0,high_confidence,52
2026-03-05,PHX @ CHI,CHI,PHX,Guerschon Yabusele,expected,TO,1.02,0.5,2.0,high_confidence,52
2026-03-05,PHX @ CHI,CHI,PHX,Collin Sexton,expected,STL,0.84,,1.5,high_confidence,52
2026-03-05,SAS @ DET,DET,SAS,Jalen Duren,confirmed,BLK,0.6,,1.5,high_confidence,52
2026-03-05,PHX @ CHI,CHI,PHX,Collin Sexton,expected,BLK,0.58,,1.5,high_confidence,52
2026-03-05,SAS @ DET,DET,SAS,Jalen Duren,confirmed,STL,0.57,,1.5,high_confidence,52
2026-03-05,PHX @ CHI,CHI,PHX,Guerschon Yabusele,expected,STL,0.38,,1.0,high_confidence,52
2026-03-05,PHX @ CHI,CHI,PHX,Guerschon Yabusele,expected,BLK,0.24,,1.0,high_confidence,52
2026-03-05,SAS @ DET,DET,SAS,Jalen Duren,confirmed,3PM,0.15,,1.0,high_confidence,52
2026-03-05,BKN @ MIA,MIA,BKN,Pelle Larsson,confirmed,PRA,18.17,16.0,20.5,high_confidence,51
2026-03-05,BKN @ MIA,MIA,BKN,Davion Mitchell,confirmed,PRA,17.76,15.5,20.0,high_confidence,51
2026-03-05,DEN @ LAL,LAL,DEN,Marcus Smart,expected,PRA,16.21,14.0,18.5,high_confidence,51
2026-03-05,BKN @ MIA,MIA,BKN,Pelle Larsson,confirmed,PTS,11.04,9.5,13.0,high_confidence,51
2026-03-05,DEN @ LAL,LAL,DEN,Marcus Smart,expected,PTS,9.77,8.0,11.5,high_confidence,51
2026-03-05,BKN @ MIA,MIA,BKN,Davion Mitchell,confirmed,PTS,9.21,7.5,11.0,high_confidence,51
2026-03-05,BKN @ MIA,MIA,BKN,Davion Mitchell,confirmed,AST,5.89,4.5,7.0,high_confidence,51
2026-03-05,BKN @ MIA,MIA,BKN,Pelle Larsson,confirmed,REB,3.75,2.5,5.0,high_confidence,51
2026-03-05,BKN @ MIA,MIA,BKN,Pelle Larsson,confirmed,AST,3.38,2.0,4.5,high_confidence,51
2026-03-05,DEN @ LAL,LAL,DEN,Marcus Smart,expected,REB,3.25,2.0,4.5,high_confidence,51
2026-03-05,DEN @ LAL,LAL,DEN,Marcus Smart,expected,AST,3.19,2.0,4.5,high_confidence,51
2026-03-05,BKN @ MIA,MIA,BKN,Davion Mitchell,confirmed,REB,2.67,1.5,4.0,high_confidence,51
2026-03-05,DEN @ LAL,LAL,DEN,Marcus Smart,expected,STL,1.92,1.0,2.5,high_confidence,51
2026-03-05,DEN @ LAL,LAL,DEN,Marcus Smart,expected,3PM,1.68,1.0,2.5,high_confidence,51
2026-03-05,BKN @ MIA,MIA,BKN,Pelle Larsson,confirmed,TO,1.4,0.5,2.0,high_confidence,51
2026-03-05,BKN @ MIA,MIA,BKN,Davion Mitchell,confirmed,TO,1.34,0.5,2.0,high_confidence,51
2026-03-05,BKN @ MIA,MIA,BKN,Davion Mitchell,confirmed,3PM,1.29,0.5,2.0,high_confidence,51
2026-03-05,DEN @ LAL,LAL,DEN,Marcus Smart,expected,TO,1.06,0.5,2.0,high_confidence,51
2026-03-05,BKN @ MIA,MIA,BKN,Davion Mitchell,confirmed,STL,1.04,0.5,2.0,high_confidence,51
2026-03-05,BKN @ MIA,MIA,BKN,Pelle Larsson,confirmed,3PM,0.94,,1.5,high_confidence,51
2026-03-05,BKN @ MIA,MIA,BKN,Pelle Larsson,confirmed,STL,0.84,,1.5,high_confidence,51
2026-03-05,DEN @ LAL,LAL,DEN,Marcus Smart,expected,BLK,0.4,,1.0,high_confidence,51
2026-03-05,BKN @ MIA,MIA,BKN,Pelle Larsson,confirmed,BLK,0.35,,1.0,high_confidence,51
2026-03-05,BKN @ MIA,MIA,BKN,Davion Mitchell,confirmed,BLK,0.31,,1.0,high_confidence,51
2026-03-05,DEN @ LAL,LAL,DEN,Luka Dončić,expected,PRA,47.39,45.0,49.5,high_confidence,50
2026-03-05,DET @ SAS,SAS,DET,Victor Wembanyama,confirmed,PRA,38.09,36.0,40.5,high_confidence,50
2026-03-05,DAL @ ORL,ORL,DAL,Paolo Banchero,confirmed,PRA,38.04,36.0,40.5,high_confidence,50
2026-03-05,DEN @ LAL,LAL,DEN,Luka Dončić,expected,PTS,31.17,29.5,33.0,high_confidence,50
2026-03-05,DAL @ ORL,ORL,DAL,Paolo Banchero,confirmed,PTS,23.69,22.0,25.5,high_confidence,50
2026-03-05,DET @ SAS,SAS,DET,Victor Wembanyama,confirmed,PTS,21.8,20.0,23.5,high_confidence,50
2026-03-05,HOU @ GSW,GSW,HOU,Draymond Green,confirmed,PRA,18.66,16.5,21.0,high_confidence,50
2026-03-05,HOU @ GSW,GSW,HOU,Gui Santos,confirmed,PRA,15.21,13.0,17.5,high_confidence,50
2026-03-05,DET @ SAS,SAS,DET,Victor Wembanyama,confirmed,REB,13.3,12.0,14.5,high_confidence,50
2026-03-05,HOU @ GSW,GSW,HOU,Draymond Green,confirmed,PTS,8.87,7.0,10.5,high_confidence,50
2026-03-05,DAL @ ORL,ORL,DAL,Paolo Banchero,confirmed,REB,8.84,7.5,10.0,high_confidence,50
2026-03-05,DEN @ LAL,LAL,DEN,Luka Dončić,expected,AST,8.29,7.0,9.5,high_confidence,50
2026-03-05,DEN @ LAL,LAL,DEN,Luka Dončić,expected,REB,7.93,6.5,9.0,high_confidence,50
2026-03-05,HOU @ GSW,GSW,HOU,Gui Santos,confirmed,PTS,7.52,6.0,9.5,high_confidence,50
2026-03-05,DAL @ ORL,ORL,DAL,Paolo Banchero,confirmed,AST,5.51,4.5,7.0,high_confidence,50
2026-03-05,HOU @ GSW,GSW,HOU,Draymond Green,confirmed,REB,5.18,4.0,6.5,high_confidence,50
2026-03-05,HOU @ GSW,GSW,HOU,Gui Santos,confirmed,REB,4.86,3.5,6.0,high_confidence,50
2026-03-05,HOU @ GSW,GSW,HOU,Draymond Green,confirmed,AST,4.61,3.5,6.0,high_confidence,50
2026-03-05,DET @ SAS,SAS,DET,Victor Wembanyama,confirmed,BLK,4.26,3.5,5.0,high_confidence,50
2026-03-05,DEN @ LAL,LAL,DEN,Luka Dončić,expected,TO,3.54,3.0,4.5,high_confidence,50
2026-03-05,DEN @ LAL,LAL,DEN,Luka Dončić,expected,3PM,3.34,2.5,4.0,high_confidence,50
2026-03-05,DAL @ ORL,ORL,DAL,Paolo Banchero,confirmed,TO,3.32,2.5,4.0,high_confidence,50
2026-03-05,DET @ SAS,SAS,DET,Victor Wembanyama,confirmed,TO,3.1,2.5,4.0,high_confidence,50
2026-03-05,DET @ SAS,SAS,DET,Victor Wembanyama,confirmed,AST,2.99,1.5,4.0,high_confidence,50
2026-03-05,HOU @ GSW,GSW,HOU,Gui Santos,confirmed,AST,2.83,1.5,4.0,high_confidence,50
2026-03-05,HOU @ GSW,GSW,HOU,Draymond Green,confirmed,TO,2.33,1.5,3.0,high_confidence,50
2026-03-05,HOU @ GSW,GSW,HOU,Draymond Green,confirmed,3PM,1.55,1.0,2.5,high_confidence,50
2026-03-05,HOU @ GSW,GSW,HOU,Gui Santos,confirmed,TO,1.51,1.0,2.5,high_confidence,50
2026-03-05,HOU @ GSW,GSW,HOU,Gui Santos,confirmed,STL,1.47,0.5,2.0,high_confidence,50
2026-03-05,HOU @ GSW,GSW,HOU,Gui Santos,confirmed,3PM,1.34,0.5,2.0,high_confidence,50
2026-03-05,DAL @ ORL,ORL,DAL,Paolo Banchero,confirmed,3PM,1.24,0.5,2.0,high_confidence,50
2026-03-05,DEN @ LAL,LAL,DEN,Luka Dončić,expected,STL,1.21,0.5,2.0,high_confidence,50
2026-03-05,DET @ SAS,SAS,DET,Victor Wembanyama,confirmed,3PM,1.18,0.5,2.0,high_confidence,50
2026-03-05,DET @ SAS,SAS,DET,Victor Wembanyama,confirmed,STL,0.91,,1.5,high_confidence,50
2026-03-05,DAL @ ORL,ORL,DAL,Paolo Banchero,confirmed,STL,0.87,,1.5,high_confidence,50
2026-03-05,HOU @ GSW,GSW,HOU,Draymond Green,confirmed,STL,0.82,,1.5,high_confidence,50
2026-03-05,HOU @ GSW,GSW,HOU,Gui Santos,confirmed,BLK,0.75,,1.5,high_confidence,50
2026-03-05,DAL @ ORL,ORL,DAL,Paolo Banchero,confirmed,BLK,0.67,,1.5,high_confidence,50
2026-03-05,HOU @ GSW,GSW,HOU,Draymond Green,confirmed,BLK,0.66,,1.5,high_confidence,50
2026-03-05,DEN @ LAL,LAL,DEN,Luka Dončić,expected,BLK,0.48,,1.0,high_confidence,50
2026-03-05,MIA @ BKN,BKN,MIA,Michael Porter Jr.,confirmed,PRA,33.08,31.0,35.5,high_confidence,49
2026-03-05,ORL @ DAL,DAL,ORL,Cooper Flagg,confirmed,PRA,26.63,24.5,29.0,high_confidence,49
2026-03-05,MIA @ BKN,BKN,MIA,Michael Porter Jr.,confirmed,PTS,24.58,23.0,26.5,high_confidence,49
2026-03-05,UTA @ WAS,WAS,UTA,Tre Johnson,confirmed,PRA,21.13,19.0,23.5,high_confidence,49
2026-03-05,DET @ SAS,SAS,DET,Devin Vassell,confirmed,PRA,19.05,17.0,21.5,high_confidence,49
2026-03-05,ORL @ DAL,DAL,ORL,Cooper Flagg,confirmed,PTS,17.34,15.5,19.0,high_confidence,49
2026-03-05,UTA @ WAS,WAS,UTA,Tre Johnson,confirmed,PTS,15.66,14.0,17.5,high_confidence,49
2026-03-05,DET @ SAS,SAS,DET,Devin Vassell,confirmed,PTS,12.49,10.5,14.0,high_confidence,49
2026-03-05,MIA @ BKN,BKN,MIA,Michael Porter Jr.,confirmed,REB,5.72,4.5,7.0,high_confidence,49
2026-03-05,ORL @ DAL,DAL,ORL,Cooper Flagg,confirmed,REB,5.51,4.5,7.0,high_confidence,49
2026-03-05,DET @ SAS,SAS,DET,Devin Vassell,confirmed,REB,4.34,3.0,5.5,high_confidence,49
2026-03-05,MIA @ BKN,BKN,MIA,Michael Porter Jr.,confirmed,3PM,3.91,3.0,4.5,high_confidence,49
2026-03-05,DET @ SAS,SAS,DET,Devin Vassell,confirmed,3PM,3.82,3.0,4.5,high_confidence,49
2026-03-05,ORL @ DAL,DAL,ORL,Cooper Flagg,confirmed,AST,3.79,2.5,5.0,high_confidence,49
2026-03-05,MIA @ BKN,BKN,MIA,Michael Porter Jr.,confirmed,AST,2.78,1.5,4.0,high_confidence,49
2026-03-05,UTA @ WAS,WAS,UTA,Tre Johnson,confirmed,REB,2.77,1.5,4.0,high_confidence,49
2026-03-05,UTA @ WAS,WAS,UTA,Tre Johnson,confirmed,AST,2.71,1.5,4.0,high_confidence,49
2026-03-05,UTA @ WAS,WAS,UTA,Tre Johnson,confirmed,3PM,2.47,1.5,3.0,high_confidence,49
2026-03-05,DET @ SAS,SAS,DET,Devin Vassell,confirmed,AST,2.22,1.0,3.5,high_confidence,49
2026-03-05,ORL @ DAL,DAL,ORL,Cooper Flagg,confirmed,TO,2.14,1.5,3.0,high_confidence,49
2026-03-05,MIA @ BKN,BKN,MIA,Michael Porter Jr.,confirmed,TO,1.94,1.0,2.5,high_confidence,49
2026-03-05,UTA @ WAS,WAS,UTA,Tre Johnson,confirmed,TO,1.44,0.5,2.0,high_confidence,49
2026-03-05,ORL @ DAL,DAL,ORL,Cooper Flagg,confirmed,BLK,1.32,0.5,2.0,high_confidence,49
2026-03-05,MIA @ BKN,BKN,MIA,Michael Porter Jr.,confirmed,STL,1.23,0.5,2.0,high_confidence,49
2026-03-05,ORL @ DAL,DAL,ORL,Cooper Flagg,confirmed,STL,1.14,0.5,2.0,high_confidence,49
2026-03-05,DET @ SAS,SAS,DET,Devin Vassell,confirmed,TO,1.14,0.5,2.0,high_confidence,49
2026-03-05,ORL @ DAL,DAL,ORL,Cooper Flagg,confirmed,3PM,1.03,0.5,2.0,high_confidence,49
2026-03-05,DET @ SAS,SAS,DET,Devin Vassell,confirmed,STL,0.68,,1.5,high_confidence,49
2026-03-05,UTA @ WAS,WAS,UTA,Tre Johnson,confirmed,STL,0.61,,1.5,high_confidence,49
2026-03-05,DET @ SAS,SAS,DET,Devin Vassell,confirmed,BLK,0.47,,1.0,high_confidence,49
2026-03-05,UTA @ WAS,WAS,UTA,Tre Johnson,confirmed,BLK,0.21,,1.0,high_confidence,49
2026-03-05,MIA @ BKN,BKN,MIA,Michael Porter Jr.,confirmed,BLK,0.13,,1.0,high_confidence,49
2026-03-05,WAS @ UTA,UTA,WAS,Cody Williams,confirmed,PRA,12.92,10.5,15.0,high_confidence,48
2026-03-05,WAS @ UTA,UTA,WAS,Cody Williams,confirmed,PTS,7.97,6.0,9.5,high_confidence,48
2026-03-05,WAS @ UTA,UTA,WAS,Cody Williams,confirmed,REB,3.48,2.0,4.5,high_confidence,48
2026-03-05,WAS @ UTA,UTA,WAS,Cody Williams,confirmed,AST,1.47,,2.5,high_confidence,48
2026-03-05,WAS @ UTA,UTA,WAS,Cody Williams,confirmed,TO,0.87,,1.5,high_confidence,48
2026-03-05,WAS @ UTA,UTA,WAS,Cody Williams,confirmed,STL,0.86,,1.5,high_confidence,48
2026-03-05,WAS @ UTA,UTA,WAS,Cody Williams,confirmed,3PM,0.5,,1.0,high_confidence,48
2026-03-05,WAS @ UTA,UTA,WAS,Cody Williams,confirmed,BLK,0.45,,1.0,high_confidence,48
2026-03-05,LAL @ DEN,DEN,LAL,Nikola Jokić,expected,PRA,47.54,45.5,50.0,high_confidence,47
2026-03-05,CHI @ PHX,PHX,CHI,Devin Booker,expected,PRA,32.8,30.5,35.0,high_confidence,47
2026-03-05,LAL @ DEN,DEN,LAL,Nikola Jokić,expected,PTS,27.33,25.5,29.0,high_confidence,47
2026-03-05,CHI @ PHX,PHX,CHI,Devin Booker,expected,PTS,23.17,21.5,25.0,high_confidence,47
2026-03-05,LAL @ DEN,DEN,LAL,Nikola Jokić,expected,REB,10.74,9.5,12.0,high_confidence,47
2026-03-05,LAL @ DEN,DEN,LAL,Nikola Jokić,expected,AST,9.46,8.0,10.5,high_confidence,47
2026-03-05,CHI @ PHX,PHX,CHI,Devin Booker,expected,AST,5.8,4.5,7.0,high_confidence,47
2026-03-05,CHI @ PHX,PHX,CHI,Devin Booker,expected,REB,3.84,2.5,5.0,high_confidence,47
2026-03-05,LAL @ DEN,DEN,LAL,Nikola Jokić,expected,TO,3.16,2.5,4.0,high_confidence,47
2026-03-05,CHI @ PHX,PHX,CHI,Devin Booker,expected,TO,2.42,1.5,3.0,high_confidence,47
2026-03-05,CHI @ PHX,PHX,CHI,Devin Booker,expected,3PM,1.89,1.0,2.5,high_confidence,47
2026-03-05,LAL @ DEN,DEN,LAL,Nikola Jokić,expected,3PM,1.85,1.0,2.5,high_confidence,47
2026-03-05,LAL @ DEN,DEN,LAL,Nikola Jokić,expected,STL,1.08,0.5,2.0,high_confidence,47
2026-03-05,CHI @ PHX,PHX,CHI,Devin Booker,expected,STL,0.7,,1.5,high_confidence,47
2026-03-05,LAL @ DEN,DEN,LAL,Nikola Jokić,expected,BLK,0.47,,1.0,high_confidence,47
2026-03-05,CHI @ PHX,PHX,CHI,Devin Booker,expected,BLK,0.25,,1.0,high_confidence,47
2026-03-05,SAC @ NOP,NOP,SAC,Zion Williamson,expected,PRA,31.63,29.5,34.0,high_confidence,46
2026-03-05,SAC @ NOP,NOP,SAC,Zion Williamson,expected,PTS,22.24,20.5,24.0,high_confidence,46
2026-03-05,SAC @ NOP,NOP,SAC,Zion Williamson,expected,REB,6.21,5.0,7.5,high_confidence,46
2026-03-05,SAC @ NOP,NOP,SAC,Zion Williamson,expected,AST,3.19,2.0,4.5,high_confidence,46
2026-03-05,SAC @ NOP,NOP,SAC,Zion Williamson,expected,TO,1.97,1.0,2.5,high_confidence,46
2026-03-05,SAC @ NOP,NOP,SAC,Zion Williamson,expected,STL,0.95,,1.5,high_confidence,46
2026-03-05,SAC @ NOP,NOP,SAC,Zion Williamson,expected,BLK,0.6,,1.5,high_confidence,46
2026-03-05,SAC @ NOP,NOP,SAC,Zion Williamson,expected,3PM,0.0,,0.5,high_confidence,46
2026-03-05,DEN @ LAL,LAL,DEN,LeBron James,expected,PRA,34.58,32.5,37.0,high_confidence,45
2026-03-05,DEN @ LAL,LAL,DEN,LeBron James,expected,PTS,21.88,20.0,23.5,high_confidence,45
2026-03-05,PHX @ CHI,CHI,PHX,Tre Jones,expected,PRA,21.87,19.5,24.0,high_confidence,45
2026-03-05,PHX @ CHI,CHI,PHX,Tre Jones,expected,PTS,12.86,11.0,14.5,high_confidence,45
2026-03-05,DEN @ LAL,LAL,DEN,LeBron James,expected,AST,6.88,5.5,8.0,high_confidence,45
2026-03-05,PHX @ CHI,CHI,PHX,Tre Jones,expected,AST,5.81,4.5,7.0,high_confidence,45
2026-03-05,DEN @ LAL,LAL,DEN,LeBron James,expected,REB,5.81,4.5,7.0,high_confidence,45
2026-03-05,PHX @ CHI,CHI,PHX,Tre Jones,expected,REB,3.19,2.0,4.5,high_confidence,45
2026-03-05,DEN @ LAL,LAL,DEN,LeBron James,expected,TO,2.93,2.0,3.5,high_confidence,45
2026-03-05,DEN @ LAL,LAL,DEN,LeBron James,expected,3PM,1.52,1.0,2.5,high_confidence,45
2026-03-05,PHX @ CHI,CHI,PHX,Tre Jones,expected,TO,1.39,0.5,2.0,high_confidence,45
2026-03-05,PHX @ CHI,CHI,PHX,Tre Jones,expected,STL,1.25,0.5,2.0,high_confidence,45
2026-03-05,DEN @ LAL,LAL,DEN,LeBron James,expected,STL,0.93,,1.5,high_confidence,45
2026-03-05,PHX @ CHI,CHI,PHX,Tre Jones,expected,3PM,0.9,,1.5,high_confidence,45
2026-03-05,DEN @ LAL,LAL,DEN,LeBron James,expected,BLK,0.57,,1.5,high_confidence,45
2026-03-05,PHX @ CHI,CHI,PHX,Tre Jones,expected,BLK,0.23,,1.0,high_confidence,45
2026-03-05,SAS @ DET,DET,SAS,Tobias Harris,confirmed,PRA,23.32,21.0,25.5,high_confidence,44
2026-03-05,ORL @ DAL,DAL,ORL,Daniel Gafford,confirmed,PRA,16.99,14.5,19.0,high_confidence,44
2026-03-05,SAS @ DET,DET,SAS,Tobias Harris,confirmed,PTS,15.48,13.5,17.0,high_confidence,44
2026-03-05,ORL @ DAL,DAL,ORL,Daniel Gafford,confirmed,PTS,9.05,7.5,11.0,high_confidence,44
2026-03-05,ORL @ DAL,DAL,ORL,Daniel Gafford,confirmed,REB,6.72,5.5,8.0,high_confidence,44
2026-03-05,SAS @ DET,DET,SAS,Tobias Harris,confirmed,REB,5.45,4.0,6.5,high_confidence,44
2026-03-05,SAS @ DET,DET,SAS,Tobias Harris,confirmed,AST,2.39,1.0,3.5,high_confidence,44
2026-03-05,ORL @ DAL,DAL,ORL,Daniel Gafford,confirmed,BLK,1.41,0.5,2.0,high_confidence,44
2026-03-05,SAS @ DET,DET,SAS,Tobias Harris,confirmed,3PM,1.41,0.5,2.0,high_confidence,44
2026-03-05,ORL @ DAL,DAL,ORL,Daniel Gafford,confirmed,TO,1.32,0.5,2.0,high_confidence,44
2026-03-05,ORL @ DAL,DAL,ORL,Daniel Gafford,confirmed,AST,1.21,,2.5,high_confidence,44
2026-03-05,SAS @ DET,DET,SAS,Tobias Harris,confirmed,TO,1.13,0.5,2.0,high_confidence,44
2026-03-05,SAS @ DET,DET,SAS,Tobias Harris,confirmed,STL,0.83,,1.5,high_confidence,44
2026-03-05,ORL @ DAL,DAL,ORL,Daniel Gafford,confirmed,STL,0.75,,1.5,high_confidence,44
2026-03-05,SAS @ DET,DET,SAS,Tobias Harris,confirmed,BLK,0.25,,1.0,high_confidence,44
2026-03-05,ORL @ DAL,DAL,ORL,Daniel Gafford,confirmed,3PM,0.0,,0.5,high_confidence,44
2026-03-05,ORL @ DAL,DAL,ORL,P.J. Washington,confirmed,PRA,24.04,22.0,26.5,high_confidence,43
2026-03-05,ORL @ DAL,DAL,ORL,Khris Middleton,confirmed,PRA,19.28,17.0,21.5,high_confidence,43
2026-03-05,ORL @ DAL,DAL,ORL,P.J. Washington,confirmed,PTS,14.71,13.0,16.5,high_confidence,43
2026-03-05,ORL @ DAL,DAL,ORL,Khris Middleton,confirmed,PTS,11.83,10.0,13.5,high_confidence,43
2026-03-05,ORL @ DAL,DAL,ORL,P.J. Washington,confirmed,REB,7.05,6.0,8.5,high_confidence,43
2026-03-05,ORL @ DAL,DAL,ORL,Khris Middleton,confirmed,REB,4.44,3.0,5.5,high_confidence,43
2026-03-05,ORL @ DAL,DAL,ORL,Khris Middleton,confirmed,AST,3.02,2.0,4.5,high_confidence,43
2026-03-05,ORL @ DAL,DAL,ORL,P.J. Washington,confirmed,AST,2.29,1.0,3.5,high_confidence,43
2026-03-05,ORL @ DAL,DAL,ORL,P.J. Washington,confirmed,TO,1.89,1.0,2.5,high_confidence,43
2026-03-05,ORL @ DAL,DAL,ORL,Khris Middleton,confirmed,TO,1.84,1.0,2.5,high_confidence,43
2026-03-05,ORL @ DAL,DAL,ORL,P.J. Washington,confirmed,BLK,1.17,0.5,2.0,high_confidence,43
2026-03-05,ORL @ DAL,DAL,ORL,P.J. Washington,confirmed,3PM,1.16,0.5,2.0,high_confidence,43
2026-03-05,ORL @ DAL,DAL,ORL,P.J. Washington,confirmed,STL,0.99,,1.5,high_confidence,43
2026-03-05,ORL @ DAL,DAL,ORL,Khris Middleton,confirmed,3PM,0.84,,1.5,high_confidence,43
2026-03-05,ORL @ DAL,DAL,ORL,Khris Middleton,confirmed,STL,0.82,,1.5,high_confidence,43
2026-03-05,ORL @ DAL,DAL,ORL,Khris Middleton,confirmed,BLK,0.18,,1.0,high_confidence,43
2026-03-05,UTA @ WAS,WAS,UTA,Bilal Coulibaly,confirmed,PRA,23.06,21.0,25.5,high_confidence,41
2026-03-05,UTA @ WAS,WAS,UTA,Bilal Coulibaly,confirmed,PTS,15.71,14.0,17.5,high_confidence,41
2026-03-05,UTA @ WAS,WAS,UTA,Bilal Coulibaly,confirmed,REB,4.68,3.5,6.0,high_confidence,41
2026-03-05,UTA @ WAS,WAS,UTA,Bilal Coulibaly,confirmed,AST,2.67,1.5,4.0,high_confidence,41
2026-03-05,UTA @ WAS,WAS,UTA,Bilal Coulibaly,confirmed,TO,1.52,1.0,2.5,high_confidence,41
2026-03-05,UTA @ WAS,WAS,UTA,Bilal Coulibaly,confirmed,STL,1.37,0.5,2.0,high_confidence,41
2026-03-05,UTA @ WAS,WAS,UTA,Bilal Coulibaly,confirmed,3PM,1.22,0.5,2.0,high_confidence,41
2026-03-05,UTA @ WAS,WAS,UTA,Bilal Coulibaly,confirmed,BLK,0.86,,1.5,high_confidence,41
2026-03-05,SAC @ NOP,NOP,SAC,Herbert Jones,expected,PRA,16.9,14.5,19.0,high_confidence,40
2026-03-05,WAS @ UTA,UTA,WAS,John Konchar,confirmed,PRA,9.32,7.0,11.5,high_confidence,40
2026-03-05,SAC @ NOP,NOP,SAC,Herbert Jones,expected,PTS,9.05,7.5,11.0,high_confidence,40
2026-03-05,SAC @ NOP,NOP,SAC,Herbert Jones,expected,AST,4.12,3.0,5.5,high_confidence,40
2026-03-05,WAS @ UTA,UTA,WAS,John Konchar,confirmed,PTS,3.88,2.0,5.5,high_confidence,40
2026-03-05,WAS @ UTA,UTA,WAS,John Konchar,confirmed,REB,3.84,2.5,5.0,high_confidence,40
2026-03-05,SAC @ NOP,NOP,SAC,Herbert Jones,expected,REB,3.73,2.5,5.0,high_confidence,40
2026-03-05,WAS @ UTA,UTA,WAS,John Konchar,confirmed,AST,1.6,0.5,3.0,high_confidence,40
2026-03-05,WAS @ UTA,UTA,WAS,John Konchar,confirmed,STL,1.45,0.5,2.0,high_confidence,40
2026-03-05,SAC @ NOP,NOP,SAC,Herbert Jones,expected,STL,1.44,0.5,2.0,high_confidence,40
2026-03-05,SAC @ NOP,NOP,SAC,Herbert Jones,expected,TO,1.42,0.5,2.0,high_confidence,40
2026-03-05,SAC @ NOP,NOP,SAC,Herbert Jones,expected,3PM,1.32,0.5,2.0,high_confidence,40
2026-03-05,WAS @ UTA,UTA,WAS,John Konchar,confirmed,BLK,0.66,,1.5,high_confidence,40
2026-03-05,WAS @ UTA,UTA,WAS,John Konchar,confirmed,TO,0.57,,1.5,high_confidence,40
2026-03-05,SAC @ NOP,NOP,SAC,Herbert Jones,expected,BLK,0.5,,1.0,high_confidence,40
2026-03-05,WAS @ UTA,UTA,WAS,John Konchar,confirmed,3PM,0.45,,1.0,high_confidence,40
2026-03-05,MIA @ BKN,BKN,MIA,Nolan Traore,confirmed,PRA,19.75,17.5,22.0,high_confidence,39
2026-03-05,HOU @ GSW,GSW,HOU,Al Horford,confirmed,PRA,16.59,14.5,19.0,high_confidence,39
2026-03-05,LAL @ DEN,DEN,LAL,Julian Strawther,expected,PRA,13.19,11.0,15.5,high_confidence,39
2026-03-05,MIA @ BKN,BKN,MIA,Nolan Traore,confirmed,PTS,12.86,11.0,14.5,high_confidence,39
2026-03-05,LAL @ DEN,DEN,LAL,Julian Strawther,expected,PTS,8.81,7.0,10.5,high_confidence,39
2026-03-05,HOU @ GSW,GSW,HOU,Al Horford,confirmed,PTS,8.21,6.5,10.0,high_confidence,39
2026-03-05,HOU @ GSW,GSW,HOU,Al Horford,confirmed,REB,5.55,4.5,7.0,high_confidence,39
2026-03-05,MIA @ BKN,BKN,MIA,Nolan Traore,confirmed,AST,4.52,3.5,6.0,high_confidence,39
2026-03-05,LAL @ DEN,DEN,LAL,Julian Strawther,expected,REB,2.84,1.5,4.0,high_confidence,39
2026-03-05,HOU @ GSW,GSW,HOU,Al Horford,confirmed,AST,2.83,1.5,4.0,high_confidence,39
2026-03-05,MIA @ BKN,BKN,MIA,Nolan Traore,confirmed,TO,2.71,2.0,3.5,high_confidence,39
2026-03-05,MIA @ BKN,BKN,MIA,Nolan Traore,confirmed,REB,2.38,1.0,3.5,high_confidence,39
2026-03-05,HOU @ GSW,GSW,HOU,Al Horford,confirmed,3PM,1.79,1.0,2.5,high_confidence,39
2026-03-05,LAL @ DEN,DEN,LAL,Julian Strawther,expected,AST,1.55,0.5,3.0,high_confidence,39
2026-03-05,LAL @ DEN,DEN,LAL,Julian Strawther,expected,3PM,1.46,0.5,2.0,high_confidence,39
2026-03-05,MIA @ BKN,BKN,MIA,Nolan Traore,confirmed,3PM,1.3,0.5,2.0,high_confidence,39
2026-03-05,HOU @ GSW,GSW,HOU,Al Horford,confirmed,BLK,1.18,0.5,2.0,high_confidence,39
2026-03-05,LAL @ DEN,DEN,LAL,Julian Strawther,expected,TO,1.16,0.5,2.0,high_confidence,39
2026-03-05,HOU @ GSW,GSW,HOU,Al Horford,confirmed,TO,1.05,0.5,2.0,high_confidence,39
2026-03-05,MIA @ BKN,BKN,MIA,Nolan Traore,confirmed,STL,0.74,,1.5,high_confidence,39
2026-03-05,HOU @ GSW,GSW,HOU,Al Horford,confirmed,STL,0.73,,1.5,high_confidence,39
2026-03-05,LAL @ DEN,DEN,LAL,Julian Strawther,expected,STL,0.69,,1.5,high_confidence,39
2026-03-05,MIA @ BKN,BKN,MIA,Nolan Traore,confirmed,BLK,0.27,,1.0,high_confidence,39
2026-03-05,LAL @ DEN,DEN,LAL,Julian Strawther,expected,BLK,0.14,,1.0,high_confidence,39
2026-03-05,GSW @ HOU,HOU,GSW,Tari Eason,confirmed,PRA,20.53,18.5,23.0,high_confidence,38
2026-03-05,GSW @ HOU,HOU,GSW,Tari Eason,confirmed,PTS,12.5,11.0,14.5,high_confidence,38
2026-03-05,GSW @ HOU,HOU,GSW,Tari Eason,confirmed,REB,6.46,5.0,7.5,high_confidence,38
2026-03-05,GSW @ HOU,HOU,GSW,Tari Eason,confirmed,3PM,1.96,1.0,2.5,high_confidence,38
2026-03-05,GSW @ HOU,HOU,GSW,Tari Eason,confirmed,TO,1.95,1.0,2.5,high_confidence,38
2026-03-05,GSW @ HOU,HOU,GSW,Tari Eason,confirmed,AST,1.57,0.5,3.0,high_confidence,38
2026-03-05,GSW @ HOU,HOU,GSW,Tari Eason,confirmed,STL,1.24,0.5,2.0,high_confidence,38
2026-03-05,GSW @ HOU,HOU,GSW,Tari Eason,confirmed,BLK,0.56,,1.5,high_confidence,38
2026-03-05,MIN @ TOR,TOR,MIN,RJ Barrett,confirmed,PRA,27.95,25.5,30.0,high_confidence,37
2026-03-05,DAL @ ORL,ORL,DAL,Jalen Suggs,confirmed,PRA,23.88,21.5,26.0,high_confidence,37
2026-03-05,MIN @ TOR,TOR,MIN,RJ Barrett,confirmed,PTS,18.78,17.0,20.5,high_confidence,37
2026-03-05,LAL @ DEN,DEN,LAL,Cameron Johnson,expected,PRA,17.52,15.5,20.0,high_confidence,37
2026-03-05,DAL @ ORL,ORL,DAL,Jalen Suggs,confirmed,PTS,13.78,12.0,15.5,high_confidence,37
2026-03-05,LAL @ DEN,DEN,LAL,Cameron Johnson,expected,PTS,11.61,10.0,13.5,high_confidence,37
2026-03-05,MIN @ TOR,TOR,MIN,RJ Barrett,confirmed,REB,5.46,4.0,6.5,high_confidence,37
2026-03-05,DAL @ ORL,ORL,DAL,Jalen Suggs,confirmed,AST,5.15,4.0,6.5,high_confidence,37
2026-03-05,DAL @ ORL,ORL,DAL,Jalen Suggs,confirmed,REB,4.95,3.5,6.0,high_confidence,37
2026-03-05,MIN @ TOR,TOR,MIN,RJ Barrett,confirmed,AST,3.71,2.5,5.0,high_confidence,37
2026-03-05,LAL @ DEN,DEN,LAL,Cameron Johnson,expected,REB,3.66,2.5,5.0,high_confidence,37
2026-03-05,LAL @ DEN,DEN,LAL,Cameron Johnson,expected,AST,2.25,1.0,3.5,high_confidence,37
2026-03-05,DAL @ ORL,ORL,DAL,Jalen Suggs,confirmed,TO,2.16,1.5,3.0,high_confidence,37
2026-03-05,DAL @ ORL,ORL,DAL,Jalen Suggs,confirmed,STL,2.12,1.5,3.0,high_confidence,37
2026-03-05,DAL @ ORL,ORL,DAL,Jalen Suggs,confirmed,3PM,2.02,1.5,3.0,high_confidence,37
2026-03-05,MIN @ TOR,TOR,MIN,RJ Barrett,confirmed,TO,1.73,1.0,2.5,high_confidence,37
2026-03-05,MIN @ TOR,TOR,MIN,RJ Barrett,confirmed,3PM,1.67,1.0,2.5,high_confidence,37
2026-03-05,LAL @ DEN,DEN,LAL,Cameron Johnson,expected,3PM,1.66,1.0,2.5,high_confidence,37
2026-03-05,LAL @ DEN,DEN,LAL,Cameron Johnson,expected,TO,0.95,,1.5,high_confidence,37
2026-03-05,MIN @ TOR,TOR,MIN,RJ Barrett,confirmed,STL,0.86,,1.5,high_confidence,37
2026-03-05,LAL @ DEN,DEN,LAL,Cameron Johnson,expected,STL,0.75,,1.5,high_confidence,37
2026-03-05,MIN @ TOR,TOR,MIN,RJ Barrett,confirmed,BLK,0.71,,1.5,high_confidence,37
2026-03-05,DAL @ ORL,ORL,DAL,Jalen Suggs,confirmed,BLK,0.65,,1.5,high_confidence,37
2026-03-05,LAL @ DEN,DEN,LAL,Cameron Johnson,expected,BLK,0.38,,1.0,high_confidence,37
2026-03-05,DEN @ LAL,LAL,DEN,Austin Reaves,expected,PRA,31.35,29.0,33.5,high_confidence,35
2026-03-05,DEN @ LAL,LAL,DEN,Austin Reaves,expected,PTS,20.21,18.5,22.0,high_confidence,35
2026-03-05,DEN @ LAL,LAL,DEN,Austin Reaves,expected,AST,5.82,4.5,7.0,high_confidence,35
2026-03-05,DEN @ LAL,LAL,DEN,Austin Reaves,expected,REB,5.33,4.0,6.5,high_confidence,35
2026-03-05,DEN @ LAL,LAL,DEN,Austin Reaves,expected,TO,2.93,2.0,3.5,high_confidence,35
2026-03-05,DEN @ LAL,LAL,DEN,Austin Reaves,expected,3PM,2.47,1.5,3.0,high_confidence,35
2026-03-05,DEN @ LAL,LAL,DEN,Austin Reaves,expected,STL,1.03,0.5,2.0,high_confidence,35
2026-03-05,DEN @ LAL,LAL,DEN,Austin Reaves,expected,BLK,0.31,,1.0,high_confidence,35
2026-03-05,HOU @ GSW,GSW,HOU,De'Anthony Melton,confirmed,PRA,18.38,16.0,20.5,high_confidence,33
2026-03-05,HOU @ GSW,GSW,HOU,De'Anthony Melton,confirmed,PTS,13.13,11.5,15.0,high_confidence,33
2026-03-05,HOU @ GSW,GSW,HOU,De'Anthony Melton,confirmed,REB,2.93,1.5,4.0,high_confidence,33
2026-03-05,HOU @ GSW,GSW,HOU,De'Anthony Melton,confirmed,AST,2.32,1.0,3.5,high_confidence,33
2026-03-05,HOU @ GSW,GSW,HOU,De'Anthony Melton,confirmed,TO,1.75,1.0,2.5,high_confidence,33
2026-03-05,HOU @ GSW,GSW,HOU,De'Anthony Melton,confirmed,STL,1.74,1.0,2.5,high_confidence,33
2026-03-05,HOU @ GSW,GSW,HOU,De'Anthony Melton,confirmed,3PM,1.69,1.0,2.5,high_confidence,33
2026-03-05,HOU @ GSW,GSW,HOU,De'Anthony Melton,confirmed,BLK,0.38,,1.0,high_confidence,33
2026-03-05,MIN @ TOR,TOR,MIN,Jakob Poeltl,confirmed,PRA,19.94,17.5,22.0,high_confidence,27
2026-03-05,MIN @ TOR,TOR,MIN,Jakob Poeltl,confirmed,PTS,10.11,8.5,12.0,high_confidence,27
2026-03-05,MIN @ TOR,TOR,MIN,Jakob Poeltl,confirmed,REB,7.71,6.5,9.0,high_confidence,27
2026-03-05,MIN @ TOR,TOR,MIN,Jakob Poeltl,confirmed,AST,2.11,1.0,3.5,high_confidence,27
2026-03-05,MIN @ TOR,TOR,MIN,Jakob Poeltl,confirmed,TO,1.25,0.5,2.0,high_confidence,27
2026-03-05,MIN @ TOR,TOR,MIN,Jakob Poeltl,confirmed,STL,0.85,,1.5,high_confidence,27
2026-03-05,MIN @ TOR,TOR,MIN,Jakob Poeltl,confirmed,BLK,0.6,,1.5,high_confidence,27
2026-03-05,MIN @ TOR,TOR,MIN,Jakob Poeltl,confirmed,3PM,0.04,,1.0,high_confidence,27
2026-03-05,LAL @ DEN,DEN,LAL,Christian Braun,expected,PRA,19.11,17.0,21.5,high_confidence,26
2026-03-05,LAL @ DEN,DEN,LAL,Christian Braun,expected,PTS,11.18,9.5,13.0,high_confidence,26
2026-03-05,PHX @ CHI,CHI,PHX,Leonard Miller,expected,PRA,9.59,7.5,12.0,high_confidence,26
2026-03-05,PHX @ CHI,CHI,PHX,Leonard Miller,expected,PTS,5.67,4.0,7.5,high_confidence,26
2026-03-05,LAL @ DEN,DEN,LAL,Christian Braun,expected,REB,5.06,4.0,6.5,high_confidence,26
2026-03-05,PHX @ CHI,CHI,PHX,Leonard Miller,expected,REB,3.0,2.0,4.5,high_confidence,26
2026-03-05,LAL @ DEN,DEN,LAL,Christian Braun,expected,AST,2.86,1.5,4.0,high_confidence,26
2026-03-05,LAL @ DEN,DEN,LAL,Christian Braun,expected,TO,1.46,0.5,2.0,high_confidence,26
2026-03-05,PHX @ CHI,CHI,PHX,Leonard Miller,expected,AST,0.92,,2.0,high_confidence,26
2026-03-05,PHX @ CHI,CHI,PHX,Leonard Miller,expected,TO,0.9,,1.5,high_confidence,26
2026-03-05,LAL @ DEN,DEN,LAL,Christian Braun,expected,3PM,0.84,,1.5,high_confidence,26
2026-03-05,LAL @ DEN,DEN,LAL,Christian Braun,expected,STL,0.59,,1.5,high_confidence,26
2026-03-05,PHX @ CHI,CHI,PHX,Leonard Miller,expected,3PM,0.56,,1.5,high_confidence,26
2026-03-05,PHX @ CHI,CHI,PHX,Leonard Miller,expected,STL,0.4,,1.0,high_confidence,26
2026-03-05,PHX @ CHI,CHI,PHX,Leonard Miller,expected,BLK,0.3,,1.0,high_confidence,26
2026-03-05,LAL @ DEN,DEN,LAL,Christian Braun,expected,BLK,0.28,,1.0,high_confidence,26
2026-03-05,BKN @ MIA,MIA,BKN,Tyler Herro,confirmed,PRA,28.44,26.0,30.5,high_confidence,17
2026-03-05,BKN @ MIA,MIA,BKN,Tyler Herro,confirmed,PTS,21.08,19.5,23.0,high_confidence,17
2026-03-05,BKN @ MIA,MIA,BKN,Tyler Herro,confirmed,REB,4.19,3.0,5.5,high_confidence,17
2026-03-05,BKN @ MIA,MIA,BKN,Tyler Herro,confirmed,AST,3.18,2.0,4.5,high_confidence,17
2026-03-05,BKN @ MIA,MIA,BKN,Tyler Herro,confirmed,TO,2.19,1.5,3.0,high_confidence,17
2026-03-05,BKN @ MIA,MIA,BKN,Tyler Herro,confirmed,3PM,2.13,1.5,3.0,high_confidence,17
2026-03-05,BKN @ MIA,MIA,BKN,Tyler Herro,confirmed,STL,0.8,,1.5,high_confidence,17
2026-03-05,BKN @ MIA,MIA,BKN,Tyler Herro,confirmed,BLK,0.43,,1.0,high_confidence,17
2026-03-05,CHI @ PHX,PHX,CHI,Jalen Green,expected,PRA,20.68,18.5,23.0,high_confidence,13
2026-03-05,CHI @ PHX,PHX,CHI,Jalen Green,expected,PTS,14.89,13.0,16.5,high_confidence,13
2026-03-05,CHI @ PHX,PHX,CHI,Jalen Green,expected,REB,3.48,2.0,4.5,high_confidence,13
2026-03-05,CHI @ PHX,PHX,CHI,Jalen Green,expected,TO,2.86,2.0,3.5,high_confidence,13
2026-03-05,CHI @ PHX,PHX,CHI,Jalen Green,expected,3PM,2.68,2.0,3.5,high_confidence,13
2026-03-05,CHI @ PHX,PHX,CHI,Jalen Green,expected,AST,2.31,1.0,3.5,high_confidence,13
2026-03-05,CHI @ PHX,PHX,CHI,Jalen Green,expected,STL,1.81,1.0,2.5,high_confidence,13
2026-03-05,CHI @ PHX,PHX,CHI,Jalen Green,expected,BLK,0.2,,1.0,high_confidence,13
2026-03-05,SAC @ NOP,NOP,SAC,DeAndre Jordan,expected,PRA,16.04,14.0,18.5,high_confidence,8
2026-03-05,SAC @ NOP,NOP,SAC,DeAndre Jordan,expected,REB,8.11,7.0,9.5,high_confidence,8
2026-03-05,SAC @ NOP,NOP,SAC,DeAndre Jordan,expected,PTS,6.89,5.0,8.5,high_confidence,8
2026-03-05,SAC @ NOP,NOP,SAC,DeAndre Jordan,expected,TO,1.26,0.5,2.0,high_confidence,8
2026-03-05,SAC @ NOP,NOP,SAC,DeAndre Jordan,expected,AST,1.04,,2.5,high_confidence,8
2026-03-05,SAC @ NOP,NOP,SAC,DeAndre Jordan,expected,BLK,1.04,0.5,2.0,high_confidence,8
2026-03-05,SAC @ NOP,NOP,SAC,DeAndre Jordan,expected,STL,0.56,,1.5,high_confidence,8
2026-03-05,SAC @ NOP,NOP,SAC,DeAndre Jordan,expected,3PM,0.05,,1.0,high_confidence,8
2026-03-05,UTA @ WAS,WAS,UTA,Leaky Black,confirmed,PRA,14.68,12.5,17.0,medium_confidence,2
2026-03-05,UTA @ WAS,WAS,UTA,Julian Reese,confirmed,PRA,14.14,12.0,16.5,medium_confidence,2
2026-03-05,UTA @ WAS,WAS,UTA,Leaky Black,confirmed,REB,8.06,7.0,9.5,medium_confidence,2
2026-03-05,UTA @ WAS,WAS,UTA,Julian Reese,confirmed,PTS,6.36,4.5,8.0,medium_confidence,2
2026-03-05,UTA @ WAS,WAS,UTA,Leaky Black,confirmed,PTS,6.12,4.5,8.0,medium_confidence,2
2026-03-05,UTA @ WAS,WAS,UTA,Julian Reese,confirmed,REB,6.04,5.0,7.5,medium_confidence,2
2026-03-05,UTA @ WAS,WAS,UTA,Julian Reese,confirmed,TO,2.38,1.5,3.0,medium_confidence,2
2026-03-05,UTA @ WAS,WAS,UTA,Leaky Black,confirmed,BLK,1.81,1.0,2.5,medium_confidence,2
2026-03-05,UTA @ WAS,WAS,UTA,Julian Reese,confirmed,AST,1.73,0.5,3.0,medium_confidence,2
2026-03-05,UTA @ WAS,WAS,UTA,Julian Reese,confirmed,STL,1.59,1.0,2.5,medium_confidence,2
2026-03-05,UTA @ WAS,WAS,UTA,Leaky Black,confirmed,AST,0.5,,1.5,medium_confidence,2
2026-03-05,UTA @ WAS,WAS,UTA,Leaky Black,confirmed,TO,0.08,,1.0,medium_confidence,2
2026-03-05,UTA @ WAS,WAS,UTA,Julian Reese,confirmed,BLK,0.08,,1.0,medium_confidence,2
2026-03-05,UTA @ WAS,WAS,UTA,Leaky Black,confirmed,STL,0.06,,1.0,medium_confidence,2
2026-03-05,UTA @ WAS,WAS,UTA,Leaky Black,confirmed,3PM,0.01,,1.0,medium_confidence,2
2026-03-05,UTA @ WAS,WAS,UTA,Julian Reese,confirmed,3PM,0.01,,1.0,medium_confidence,2
