game,team,player_name,starter_status,market,projection,bet_higher_if_line_leq,bet_lower_if_line_geq,confidence_flag,historical_games_used
BKN @ MIA,BKN,Egor Dëmin,Estimated (Recent Starter Model),PTS,10.8,9.0,12.5,high_confidence,54
BKN @ MIA,BKN,Egor Dëmin,Estimated (Recent Starter Model),REB,3.75,2.5,5.0,high_confidence,54
BKN @ MIA,BKN,Egor Dëmin,Estimated (Recent Starter Model),AST,2.85,1.5,4.0,high_confidence,54
BKN @ MIA,BKN,Egor Dëmin,Estimated (Recent Starter Model),PRA,17.4,15.0,19.5,high_confidence,54
BKN @ MIA,BKN,Egor Dëmin,Estimated (Recent Starter Model),3PM,2.18,1.5,3.0,high_confidence,54
BKN @ MIA,BKN,Egor Dëmin,Estimated (Recent Starter Model),STL,0.81,,1.5,high_confidence,54
BKN @ MIA,BKN,Egor Dëmin,Estimated (Recent Starter Model),BLK,0.39,,1.0,high_confidence,54
BKN @ MIA,BKN,Egor Dëmin,Estimated (Recent Starter Model),TO,1.46,0.5,2.0,high_confidence,54
BKN @ MIA,BKN,Michael Porter Jr.,Estimated (Recent Starter Model),PTS,22.09,20.5,24.0,high_confidence,49
BKN @ MIA,BKN,Michael Porter Jr.,Estimated (Recent Starter Model),REB,5.96,4.5,7.0,high_confidence,49
BKN @ MIA,BKN,Michael Porter Jr.,Estimated (Recent Starter Model),AST,2.98,1.5,4.0,high_confidence,49
BKN @ MIA,BKN,Michael Porter Jr.,Estimated (Recent Starter Model),PRA,31.02,29.0,33.5,high_confidence,49
BKN @ MIA,BKN,Michael Porter Jr.,Estimated (Recent Starter Model),3PM,2.43,1.5,3.0,high_confidence,49
BKN @ MIA,BKN,Michael Porter Jr.,Estimated (Recent Starter Model),STL,0.87,,1.5,high_confidence,49
BKN @ MIA,BKN,Michael Porter Jr.,Estimated (Recent Starter Model),BLK,0.16,,1.0,high_confidence,49
BKN @ MIA,BKN,Michael Porter Jr.,Estimated (Recent Starter Model),TO,1.57,1.0,2.5,high_confidence,49
BKN @ MIA,BKN,Nic Claxton,Estimated (Recent Starter Model),PTS,11.49,9.5,13.0,high_confidence,55
BKN @ MIA,BKN,Nic Claxton,Estimated (Recent Starter Model),REB,6.67,5.5,8.0,high_confidence,55
BKN @ MIA,BKN,Nic Claxton,Estimated (Recent Starter Model),AST,3.8,2.5,5.0,high_confidence,55
BKN @ MIA,BKN,Nic Claxton,Estimated (Recent Starter Model),PRA,21.97,19.5,24.0,high_confidence,55
BKN @ MIA,BKN,Nic Claxton,Estimated (Recent Starter Model),3PM,0.05,,1.0,high_confidence,55
BKN @ MIA,BKN,Nic Claxton,Estimated (Recent Starter Model),STL,0.67,,1.5,high_confidence,55
BKN @ MIA,BKN,Nic Claxton,Estimated (Recent Starter Model),BLK,1.41,0.5,2.0,high_confidence,55
BKN @ MIA,BKN,Nic Claxton,Estimated (Recent Starter Model),TO,0.83,,1.5,high_confidence,55
BKN @ MIA,BKN,Noah Clowney,Estimated (Recent Starter Model),PTS,13.04,11.5,15.0,high_confidence,55
BKN @ MIA,BKN,Noah Clowney,Estimated (Recent Starter Model),REB,5.44,4.0,6.5,high_confidence,55
BKN @ MIA,BKN,Noah Clowney,Estimated (Recent Starter Model),AST,1.69,0.5,3.0,high_confidence,55
BKN @ MIA,BKN,Noah Clowney,Estimated (Recent Starter Model),PRA,20.16,18.0,22.5,high_confidence,55
BKN @ MIA,BKN,Noah Clowney,Estimated (Recent Starter Model),3PM,1.92,1.0,2.5,high_confidence,55
BKN @ MIA,BKN,Noah Clowney,Estimated (Recent Starter Model),STL,0.71,,1.5,high_confidence,55
BKN @ MIA,BKN,Noah Clowney,Estimated (Recent Starter Model),BLK,0.6,,1.5,high_confidence,55
BKN @ MIA,BKN,Noah Clowney,Estimated (Recent Starter Model),TO,1.36,0.5,2.0,high_confidence,55
BKN @ MIA,BKN,Nolan Traore,Estimated (Recent Starter Model),PTS,12.78,11.0,14.5,high_confidence,39
BKN @ MIA,BKN,Nolan Traore,Estimated (Recent Starter Model),REB,2.27,1.0,3.5,high_confidence,39
BKN @ MIA,BKN,Nolan Traore,Estimated (Recent Starter Model),AST,3.51,2.5,5.0,high_confidence,39
BKN @ MIA,BKN,Nolan Traore,Estimated (Recent Starter Model),PRA,18.56,16.5,21.0,high_confidence,39
BKN @ MIA,BKN,Nolan Traore,Estimated (Recent Starter Model),3PM,1.26,0.5,2.0,high_confidence,39
BKN @ MIA,BKN,Nolan Traore,Estimated (Recent Starter Model),STL,0.68,,1.5,high_confidence,39
BKN @ MIA,BKN,Nolan Traore,Estimated (Recent Starter Model),BLK,0.3,,1.0,high_confidence,39
BKN @ MIA,BKN,Nolan Traore,Estimated (Recent Starter Model),TO,3.38,2.5,4.0,high_confidence,39
BKN @ MIA,MIA,Andrew Wiggins,Estimated (Recent Starter Model),PTS,14.84,13.0,16.5,high_confidence,56
BKN @ MIA,MIA,Andrew Wiggins,Estimated (Recent Starter Model),REB,5.26,4.0,6.5,high_confidence,56
BKN @ MIA,MIA,Andrew Wiggins,Estimated (Recent Starter Model),AST,2.77,1.5,4.0,high_confidence,56
BKN @ MIA,MIA,Andrew Wiggins,Estimated (Recent Starter Model),PRA,22.87,20.5,25.0,high_confidence,56
BKN @ MIA,MIA,Andrew Wiggins,Estimated (Recent Starter Model),3PM,1.95,1.0,2.5,high_confidence,56
BKN @ MIA,MIA,Andrew Wiggins,Estimated (Recent Starter Model),STL,0.98,,1.5,high_confidence,56
BKN @ MIA,MIA,Andrew Wiggins,Estimated (Recent Starter Model),BLK,1.64,1.0,2.5,high_confidence,56
BKN @ MIA,MIA,Andrew Wiggins,Estimated (Recent Starter Model),TO,1.64,1.0,2.5,high_confidence,56
BKN @ MIA,MIA,Bam Adebayo,Estimated (Recent Starter Model),PTS,20.19,18.5,22.0,high_confidence,54
BKN @ MIA,MIA,Bam Adebayo,Estimated (Recent Starter Model),REB,9.92,8.5,11.0,high_confidence,54
BKN @ MIA,MIA,Bam Adebayo,Estimated (Recent Starter Model),AST,3.14,2.0,4.5,high_confidence,54
BKN @ MIA,MIA,Bam Adebayo,Estimated (Recent Starter Model),PRA,33.25,31.0,35.5,high_confidence,54
BKN @ MIA,MIA,Bam Adebayo,Estimated (Recent Starter Model),3PM,1.54,1.0,2.5,high_confidence,54
BKN @ MIA,MIA,Bam Adebayo,Estimated (Recent Starter Model),STL,2.85,2.0,3.5,high_confidence,54
BKN @ MIA,MIA,Bam Adebayo,Estimated (Recent Starter Model),BLK,0.67,,1.5,high_confidence,54
BKN @ MIA,MIA,Bam Adebayo,Estimated (Recent Starter Model),TO,1.46,0.5,2.0,high_confidence,54
BKN @ MIA,MIA,Davion Mitchell,Estimated (Recent Starter Model),PTS,9.18,7.5,11.0,high_confidence,51
BKN @ MIA,MIA,Davion Mitchell,Estimated (Recent Starter Model),REB,2.65,1.5,4.0,high_confidence,51
BKN @ MIA,MIA,Davion Mitchell,Estimated (Recent Starter Model),AST,5.86,4.5,7.0,high_confidence,51
BKN @ MIA,MIA,Davion Mitchell,Estimated (Recent Starter Model),PRA,17.69,15.5,20.0,high_confidence,51
BKN @ MIA,MIA,Davion Mitchell,Estimated (Recent Starter Model),3PM,1.31,0.5,2.0,high_confidence,51
BKN @ MIA,MIA,Davion Mitchell,Estimated (Recent Starter Model),STL,1.06,0.5,2.0,high_confidence,51
BKN @ MIA,MIA,Davion Mitchell,Estimated (Recent Starter Model),BLK,0.19,,1.0,high_confidence,51
BKN @ MIA,MIA,Davion Mitchell,Estimated (Recent Starter Model),TO,1.18,0.5,2.0,high_confidence,51
BKN @ MIA,MIA,Norman Powell,Estimated (Recent Starter Model),PTS,21.43,19.5,23.0,high_confidence,51
BKN @ MIA,MIA,Norman Powell,Estimated (Recent Starter Model),REB,3.47,2.0,4.5,high_confidence,51
BKN @ MIA,MIA,Norman Powell,Estimated (Recent Starter Model),AST,2.42,1.0,3.5,high_confidence,51
BKN @ MIA,MIA,Norman Powell,Estimated (Recent Starter Model),PRA,27.32,25.0,29.5,high_confidence,51
BKN @ MIA,MIA,Norman Powell,Estimated (Recent Starter Model),3PM,2.45,1.5,3.0,high_confidence,51
BKN @ MIA,MIA,Norman Powell,Estimated (Recent Starter Model),STL,1.11,0.5,2.0,high_confidence,51
BKN @ MIA,MIA,Norman Powell,Estimated (Recent Starter Model),BLK,0.17,,1.0,high_confidence,51
BKN @ MIA,MIA,Norman Powell,Estimated (Recent Starter Model),TO,1.85,1.0,2.5,high_confidence,51
BKN @ MIA,MIA,Pelle Larsson,Estimated (Recent Starter Model),PTS,10.54,9.0,12.5,high_confidence,51
BKN @ MIA,MIA,Pelle Larsson,Estimated (Recent Starter Model),REB,3.53,2.5,5.0,high_confidence,51
BKN @ MIA,MIA,Pelle Larsson,Estimated (Recent Starter Model),AST,3.5,2.5,5.0,high_confidence,51
BKN @ MIA,MIA,Pelle Larsson,Estimated (Recent Starter Model),PRA,17.57,15.5,20.0,high_confidence,51
BKN @ MIA,MIA,Pelle Larsson,Estimated (Recent Starter Model),3PM,0.97,,1.5,high_confidence,51
BKN @ MIA,MIA,Pelle Larsson,Estimated (Recent Starter Model),STL,0.86,,1.5,high_confidence,51
BKN @ MIA,MIA,Pelle Larsson,Estimated (Recent Starter Model),BLK,0.29,,1.0,high_confidence,51
BKN @ MIA,MIA,Pelle Larsson,Estimated (Recent Starter Model),TO,1.45,0.5,2.0,high_confidence,51
CHI @ PHX,CHI,Isaac Okoro,Estimated (Recent Starter Model),PTS,9.97,8.0,11.5,high_confidence,53
CHI @ PHX,CHI,Isaac Okoro,Estimated (Recent Starter Model),REB,3.1,2.0,4.5,high_confidence,53
CHI @ PHX,CHI,Isaac Okoro,Estimated (Recent Starter Model),AST,1.78,0.5,3.0,high_confidence,53
CHI @ PHX,CHI,Isaac Okoro,Estimated (Recent Starter Model),PRA,14.85,12.5,17.0,high_confidence,53
CHI @ PHX,CHI,Isaac Okoro,Estimated (Recent Starter Model),3PM,1.02,0.5,2.0,high_confidence,53
CHI @ PHX,CHI,Isaac Okoro,Estimated (Recent Starter Model),STL,0.7,,1.5,high_confidence,53
CHI @ PHX,CHI,Isaac Okoro,Estimated (Recent Starter Model),BLK,0.36,,1.0,high_confidence,53
CHI @ PHX,CHI,Isaac Okoro,Estimated (Recent Starter Model),TO,0.48,,1.0,high_confidence,53
CHI @ PHX,CHI,Josh Giddey,Estimated (Recent Starter Model),PTS,17.77,16.0,19.5,high_confidence,41
CHI @ PHX,CHI,Josh Giddey,Estimated (Recent Starter Model),REB,8.05,7.0,9.5,high_confidence,41
CHI @ PHX,CHI,Josh Giddey,Estimated (Recent Starter Model),AST,8.07,7.0,9.5,high_confidence,41
CHI @ PHX,CHI,Josh Giddey,Estimated (Recent Starter Model),PRA,33.9,31.5,36.0,high_confidence,41
CHI @ PHX,CHI,Josh Giddey,Estimated (Recent Starter Model),3PM,2.26,1.5,3.0,high_confidence,41
CHI @ PHX,CHI,Josh Giddey,Estimated (Recent Starter Model),STL,1.0,,1.5,high_confidence,41
CHI @ PHX,CHI,Josh Giddey,Estimated (Recent Starter Model),BLK,0.56,,1.5,high_confidence,41
CHI @ PHX,CHI,Josh Giddey,Estimated (Recent Starter Model),TO,3.51,3.0,4.5,high_confidence,41
CHI @ PHX,CHI,Matas Buzelis,Estimated (Recent Starter Model),PTS,15.0,13.0,16.5,high_confidence,64
CHI @ PHX,CHI,Matas Buzelis,Estimated (Recent Starter Model),REB,5.48,4.0,6.5,high_confidence,64
CHI @ PHX,CHI,Matas Buzelis,Estimated (Recent Starter Model),AST,2.2,1.0,3.5,high_confidence,64
CHI @ PHX,CHI,Matas Buzelis,Estimated (Recent Starter Model),PRA,22.69,20.5,25.0,high_confidence,64
CHI @ PHX,CHI,Matas Buzelis,Estimated (Recent Starter Model),3PM,2.23,1.5,3.0,high_confidence,64
CHI @ PHX,CHI,Matas Buzelis,Estimated (Recent Starter Model),STL,0.32,,1.0,high_confidence,64
CHI @ PHX,CHI,Matas Buzelis,Estimated (Recent Starter Model),BLK,1.25,0.5,2.0,high_confidence,64
CHI @ PHX,CHI,Matas Buzelis,Estimated (Recent Starter Model),TO,2.09,1.5,3.0,high_confidence,64
CHI @ PHX,PHX,Collin Gillespie,Estimated (Recent Starter Model),PTS,13.14,11.5,15.0,high_confidence,60
CHI @ PHX,PHX,Collin Gillespie,Estimated (Recent Starter Model),REB,4.1,3.0,5.5,high_confidence,60
CHI @ PHX,PHX,Collin Gillespie,Estimated (Recent Starter Model),AST,5.73,4.5,7.0,high_confidence,60
CHI @ PHX,PHX,Collin Gillespie,Estimated (Recent Starter Model),PRA,22.97,20.5,25.0,high_confidence,60
CHI @ PHX,PHX,Collin Gillespie,Estimated (Recent Starter Model),3PM,2.9,2.0,3.5,high_confidence,60
CHI @ PHX,PHX,Collin Gillespie,Estimated (Recent Starter Model),STL,1.52,1.0,2.5,high_confidence,60
CHI @ PHX,PHX,Collin Gillespie,Estimated (Recent Starter Model),BLK,0.3,,1.0,high_confidence,60
CHI @ PHX,PHX,Collin Gillespie,Estimated (Recent Starter Model),TO,1.86,1.0,2.5,high_confidence,60
CHI @ PHX,PHX,Devin Booker,Estimated (Recent Starter Model),PTS,21.95,20.0,23.5,high_confidence,47
CHI @ PHX,PHX,Devin Booker,Estimated (Recent Starter Model),REB,3.8,2.5,5.0,high_confidence,47
CHI @ PHX,PHX,Devin Booker,Estimated (Recent Starter Model),AST,4.79,3.5,6.0,high_confidence,47
CHI @ PHX,PHX,Devin Booker,Estimated (Recent Starter Model),PRA,30.54,28.5,33.0,high_confidence,47
CHI @ PHX,PHX,Devin Booker,Estimated (Recent Starter Model),3PM,1.46,0.5,2.0,high_confidence,47
CHI @ PHX,PHX,Devin Booker,Estimated (Recent Starter Model),STL,0.78,,1.5,high_confidence,47
CHI @ PHX,PHX,Devin Booker,Estimated (Recent Starter Model),BLK,0.24,,1.0,high_confidence,47
CHI @ PHX,PHX,Devin Booker,Estimated (Recent Starter Model),TO,2.67,2.0,3.5,high_confidence,47
CHI @ PHX,PHX,Dillon Brooks,Estimated (Recent Starter Model),PTS,20.65,19.0,22.5,high_confidence,51
CHI @ PHX,PHX,Dillon Brooks,Estimated (Recent Starter Model),REB,4.0,3.0,5.5,high_confidence,51
CHI @ PHX,PHX,Dillon Brooks,Estimated (Recent Starter Model),AST,1.67,0.5,3.0,high_confidence,51
CHI @ PHX,PHX,Dillon Brooks,Estimated (Recent Starter Model),PRA,26.32,24.0,28.5,high_confidence,51
CHI @ PHX,PHX,Dillon Brooks,Estimated (Recent Starter Model),3PM,2.39,1.5,3.0,high_confidence,51
CHI @ PHX,PHX,Dillon Brooks,Estimated (Recent Starter Model),STL,1.08,0.5,2.0,high_confidence,51
CHI @ PHX,PHX,Dillon Brooks,Estimated (Recent Starter Model),BLK,0.31,,1.0,high_confidence,51
CHI @ PHX,PHX,Dillon Brooks,Estimated (Recent Starter Model),TO,1.66,1.0,2.5,high_confidence,51
CHI @ PHX,PHX,Mark Williams,Estimated (Recent Starter Model),PTS,12.65,11.0,14.5,high_confidence,56
CHI @ PHX,PHX,Mark Williams,Estimated (Recent Starter Model),REB,8.37,7.0,9.5,high_confidence,56
CHI @ PHX,PHX,Mark Williams,Estimated (Recent Starter Model),AST,0.97,,2.0,high_confidence,56
CHI @ PHX,PHX,Mark Williams,Estimated (Recent Starter Model),PRA,22.0,19.5,24.0,high_confidence,56
CHI @ PHX,PHX,Mark Williams,Estimated (Recent Starter Model),3PM,0.1,,1.0,high_confidence,56
CHI @ PHX,PHX,Mark Williams,Estimated (Recent Starter Model),STL,0.75,,1.5,high_confidence,56
CHI @ PHX,PHX,Mark Williams,Estimated (Recent Starter Model),BLK,0.96,,1.5,high_confidence,56
CHI @ PHX,PHX,Mark Williams,Estimated (Recent Starter Model),TO,1.05,0.5,2.0,high_confidence,56
CHI @ PHX,PHX,Royce O'Neale,Estimated (Recent Starter Model),PTS,10.46,8.5,12.0,high_confidence,61
CHI @ PHX,PHX,Royce O'Neale,Estimated (Recent Starter Model),REB,5.07,4.0,6.5,high_confidence,61
CHI @ PHX,PHX,Royce O'Neale,Estimated (Recent Starter Model),AST,2.51,1.5,4.0,high_confidence,61
CHI @ PHX,PHX,Royce O'Neale,Estimated (Recent Starter Model),PRA,18.04,16.0,20.5,high_confidence,61
CHI @ PHX,PHX,Royce O'Neale,Estimated (Recent Starter Model),3PM,2.89,2.0,3.5,high_confidence,61
CHI @ PHX,PHX,Royce O'Neale,Estimated (Recent Starter Model),STL,1.14,0.5,2.0,high_confidence,61
CHI @ PHX,PHX,Royce O'Neale,Estimated (Recent Starter Model),BLK,0.26,,1.0,high_confidence,61
CHI @ PHX,PHX,Royce O'Neale,Estimated (Recent Starter Model),TO,1.4,0.5,2.0,high_confidence,61
DAL @ ORL,DAL,Cooper Flagg,Estimated (Recent Starter Model),PTS,18.17,16.5,20.0,high_confidence,49
DAL @ ORL,DAL,Cooper Flagg,Estimated (Recent Starter Model),REB,5.46,4.0,6.5,high_confidence,49
DAL @ ORL,DAL,Cooper Flagg,Estimated (Recent Starter Model),AST,3.24,2.0,4.5,high_confidence,49
DAL @ ORL,DAL,Cooper Flagg,Estimated (Recent Starter Model),PRA,26.87,24.5,29.0,high_confidence,49
DAL @ ORL,DAL,Cooper Flagg,Estimated (Recent Starter Model),3PM,0.92,,1.5,high_confidence,49
DAL @ ORL,DAL,Cooper Flagg,Estimated (Recent Starter Model),STL,0.94,,1.5,high_confidence,49
DAL @ ORL,DAL,Cooper Flagg,Estimated (Recent Starter Model),BLK,1.53,1.0,2.5,high_confidence,49
DAL @ ORL,DAL,Cooper Flagg,Estimated (Recent Starter Model),TO,2.3,1.5,3.0,high_confidence,49
DAL @ ORL,DAL,Daniel Gafford,Estimated (Recent Starter Model),PTS,9.07,7.5,11.0,high_confidence,44
DAL @ ORL,DAL,Daniel Gafford,Estimated (Recent Starter Model),REB,7.68,6.5,9.0,high_confidence,44
DAL @ ORL,DAL,Daniel Gafford,Estimated (Recent Starter Model),AST,1.08,,2.5,high_confidence,44
DAL @ ORL,DAL,Daniel Gafford,Estimated (Recent Starter Model),PRA,17.83,15.5,20.0,high_confidence,44
DAL @ ORL,DAL,Daniel Gafford,Estimated (Recent Starter Model),3PM,0.0,,0.5,high_confidence,44
DAL @ ORL,DAL,Daniel Gafford,Estimated (Recent Starter Model),STL,1.0,0.5,2.0,high_confidence,44
DAL @ ORL,DAL,Daniel Gafford,Estimated (Recent Starter Model),BLK,1.3,0.5,2.0,high_confidence,44
DAL @ ORL,DAL,Daniel Gafford,Estimated (Recent Starter Model),TO,1.39,0.5,2.0,high_confidence,44
DAL @ ORL,DAL,Max Christie,Estimated (Recent Starter Model),PTS,13.72,12.0,15.5,high_confidence,56
DAL @ ORL,DAL,Max Christie,Estimated (Recent Starter Model),REB,3.78,2.5,5.0,high_confidence,56
DAL @ ORL,DAL,Max Christie,Estimated (Recent Starter Model),AST,2.4,1.0,3.5,high_confidence,56
DAL @ ORL,DAL,Max Christie,Estimated (Recent Starter Model),PRA,19.9,17.5,22.0,high_confidence,56
DAL @ ORL,DAL,Max Christie,Estimated (Recent Starter Model),3PM,2.06,1.5,3.0,high_confidence,56
DAL @ ORL,DAL,Max Christie,Estimated (Recent Starter Model),STL,0.81,,1.5,high_confidence,56
DAL @ ORL,DAL,Max Christie,Estimated (Recent Starter Model),BLK,0.22,,1.0,high_confidence,56
DAL @ ORL,DAL,Max Christie,Estimated (Recent Starter Model),TO,1.08,0.5,2.0,high_confidence,56
DAL @ ORL,DAL,Naji Marshall,Estimated (Recent Starter Model),PTS,15.46,13.5,17.0,high_confidence,58
DAL @ ORL,DAL,Naji Marshall,Estimated (Recent Starter Model),REB,5.03,4.0,6.5,high_confidence,58
DAL @ ORL,DAL,Naji Marshall,Estimated (Recent Starter Model),AST,2.51,1.5,4.0,high_confidence,58
DAL @ ORL,DAL,Naji Marshall,Estimated (Recent Starter Model),PRA,23.01,21.0,25.5,high_confidence,58
DAL @ ORL,DAL,Naji Marshall,Estimated (Recent Starter Model),3PM,0.78,,1.5,high_confidence,58
DAL @ ORL,DAL,Naji Marshall,Estimated (Recent Starter Model),STL,0.97,,1.5,high_confidence,58
DAL @ ORL,DAL,Naji Marshall,Estimated (Recent Starter Model),BLK,0.18,,1.0,high_confidence,58
DAL @ ORL,DAL,Naji Marshall,Estimated (Recent Starter Model),TO,1.57,1.0,2.5,high_confidence,58
DAL @ ORL,DAL,P.J. Washington,Estimated (Recent Starter Model),PTS,14.66,13.0,16.5,high_confidence,43
DAL @ ORL,DAL,P.J. Washington,Estimated (Recent Starter Model),REB,7.06,6.0,8.5,high_confidence,43
DAL @ ORL,DAL,P.J. Washington,Estimated (Recent Starter Model),AST,1.75,0.5,3.0,high_confidence,43
DAL @ ORL,DAL,P.J. Washington,Estimated (Recent Starter Model),PRA,23.47,21.0,25.5,high_confidence,43
DAL @ ORL,DAL,P.J. Washington,Estimated (Recent Starter Model),3PM,1.06,0.5,2.0,high_confidence,43
DAL @ ORL,DAL,P.J. Washington,Estimated (Recent Starter Model),STL,0.93,,1.5,high_confidence,43
DAL @ ORL,DAL,P.J. Washington,Estimated (Recent Starter Model),BLK,1.0,,1.5,high_confidence,43
DAL @ ORL,DAL,P.J. Washington,Estimated (Recent Starter Model),TO,1.77,1.0,2.5,high_confidence,43
DAL @ ORL,ORL,Anthony Black,Estimated (Recent Starter Model),PTS,15.0,13.5,17.0,high_confidence,58
DAL @ ORL,ORL,Anthony Black,Estimated (Recent Starter Model),REB,3.97,2.5,5.0,high_confidence,58
DAL @ ORL,ORL,Anthony Black,Estimated (Recent Starter Model),AST,4.41,3.0,5.5,high_confidence,58
DAL @ ORL,ORL,Anthony Black,Estimated (Recent Starter Model),PRA,23.37,21.0,25.5,high_confidence,58
DAL @ ORL,ORL,Anthony Black,Estimated (Recent Starter Model),3PM,1.65,1.0,2.5,high_confidence,58
DAL @ ORL,ORL,Anthony Black,Estimated (Recent Starter Model),STL,1.26,0.5,2.0,high_confidence,58
DAL @ ORL,ORL,Anthony Black,Estimated (Recent Starter Model),BLK,0.65,,1.5,high_confidence,58
DAL @ ORL,ORL,Anthony Black,Estimated (Recent Starter Model),TO,1.99,1.0,2.5,high_confidence,58
DAL @ ORL,ORL,Desmond Bane,Estimated (Recent Starter Model),PTS,20.13,18.5,22.0,high_confidence,60
DAL @ ORL,ORL,Desmond Bane,Estimated (Recent Starter Model),REB,3.93,2.5,5.0,high_confidence,60
DAL @ ORL,ORL,Desmond Bane,Estimated (Recent Starter Model),AST,4.11,3.0,5.5,high_confidence,60
DAL @ ORL,ORL,Desmond Bane,Estimated (Recent Starter Model),PRA,28.16,26.0,30.5,high_confidence,60
DAL @ ORL,ORL,Desmond Bane,Estimated (Recent Starter Model),3PM,2.02,1.5,3.0,high_confidence,60
DAL @ ORL,ORL,Desmond Bane,Estimated (Recent Starter Model),STL,0.96,,1.5,high_confidence,60
DAL @ ORL,ORL,Desmond Bane,Estimated (Recent Starter Model),BLK,0.48,,1.0,high_confidence,60
DAL @ ORL,ORL,Desmond Bane,Estimated (Recent Starter Model),TO,1.76,1.0,2.5,high_confidence,60
DAL @ ORL,ORL,Jalen Suggs,Estimated (Recent Starter Model),PTS,13.08,11.5,15.0,high_confidence,37
DAL @ ORL,ORL,Jalen Suggs,Estimated (Recent Starter Model),REB,4.75,3.5,6.0,high_confidence,37
DAL @ ORL,ORL,Jalen Suggs,Estimated (Recent Starter Model),AST,6.13,5.0,7.5,high_confidence,37
DAL @ ORL,ORL,Jalen Suggs,Estimated (Recent Starter Model),PRA,23.96,21.5,26.0,high_confidence,37
DAL @ ORL,ORL,Jalen Suggs,Estimated (Recent Starter Model),3PM,1.73,1.0,2.5,high_confidence,37
DAL @ ORL,ORL,Jalen Suggs,Estimated (Recent Starter Model),STL,2.23,1.5,3.0,high_confidence,37
DAL @ ORL,ORL,Jalen Suggs,Estimated (Recent Starter Model),BLK,1.01,0.5,2.0,high_confidence,37
DAL @ ORL,ORL,Jalen Suggs,Estimated (Recent Starter Model),TO,2.23,1.5,3.0,high_confidence,37
DAL @ ORL,ORL,Paolo Banchero,Estimated (Recent Starter Model),PTS,28.23,26.5,30.0,high_confidence,50
DAL @ ORL,ORL,Paolo Banchero,Estimated (Recent Starter Model),REB,7.69,6.5,9.0,high_confidence,50
DAL @ ORL,ORL,Paolo Banchero,Estimated (Recent Starter Model),AST,5.52,4.5,7.0,high_confidence,50
DAL @ ORL,ORL,Paolo Banchero,Estimated (Recent Starter Model),PRA,41.44,39.0,43.5,high_confidence,50
DAL @ ORL,ORL,Paolo Banchero,Estimated (Recent Starter Model),3PM,1.07,0.5,2.0,high_confidence,50
DAL @ ORL,ORL,Paolo Banchero,Estimated (Recent Starter Model),STL,0.65,,1.5,high_confidence,50
DAL @ ORL,ORL,Paolo Banchero,Estimated (Recent Starter Model),BLK,0.72,,1.5,high_confidence,50
DAL @ ORL,ORL,Paolo Banchero,Estimated (Recent Starter Model),TO,3.2,2.5,4.0,high_confidence,50
DAL @ ORL,ORL,Wendell Carter Jr.,Estimated (Recent Starter Model),PTS,12.29,10.5,14.0,high_confidence,57
DAL @ ORL,ORL,Wendell Carter Jr.,Estimated (Recent Starter Model),REB,8.88,7.5,10.0,high_confidence,57
DAL @ ORL,ORL,Wendell Carter Jr.,Estimated (Recent Starter Model),AST,2.24,1.0,3.5,high_confidence,57
DAL @ ORL,ORL,Wendell Carter Jr.,Estimated (Recent Starter Model),PRA,23.41,21.0,25.5,high_confidence,57
DAL @ ORL,ORL,Wendell Carter Jr.,Estimated (Recent Starter Model),3PM,0.62,,1.5,high_confidence,57
DAL @ ORL,ORL,Wendell Carter Jr.,Estimated (Recent Starter Model),STL,0.89,,1.5,high_confidence,57
DAL @ ORL,ORL,Wendell Carter Jr.,Estimated (Recent Starter Model),BLK,0.67,,1.5,high_confidence,57
DAL @ ORL,ORL,Wendell Carter Jr.,Estimated (Recent Starter Model),TO,1.84,1.0,2.5,high_confidence,57
DET @ SAS,DET,Ausar Thompson,Estimated (Recent Starter Model),PTS,11.27,9.5,13.0,high_confidence,56
DET @ SAS,DET,Ausar Thompson,Estimated (Recent Starter Model),REB,6.38,5.0,7.5,high_confidence,56
DET @ SAS,DET,Ausar Thompson,Estimated (Recent Starter Model),AST,3.42,2.0,4.5,high_confidence,56
DET @ SAS,DET,Ausar Thompson,Estimated (Recent Starter Model),PRA,21.07,19.0,23.5,high_confidence,56
DET @ SAS,DET,Ausar Thompson,Estimated (Recent Starter Model),3PM,0.12,,1.0,high_confidence,56
DET @ SAS,DET,Ausar Thompson,Estimated (Recent Starter Model),STL,2.75,2.0,3.5,high_confidence,56
DET @ SAS,DET,Ausar Thompson,Estimated (Recent Starter Model),BLK,0.75,,1.5,high_confidence,56
DET @ SAS,DET,Ausar Thompson,Estimated (Recent Starter Model),TO,1.39,0.5,2.0,high_confidence,56
DET @ SAS,DET,Cade Cunningham,Estimated (Recent Starter Model),PTS,22.42,20.5,24.0,high_confidence,56
DET @ SAS,DET,Cade Cunningham,Estimated (Recent Starter Model),REB,5.88,4.5,7.0,high_confidence,56
DET @ SAS,DET,Cade Cunningham,Estimated (Recent Starter Model),AST,11.41,10.0,12.5,high_confidence,56
DET @ SAS,DET,Cade Cunningham,Estimated (Recent Starter Model),PRA,39.71,37.5,42.0,high_confidence,56
DET @ SAS,DET,Cade Cunningham,Estimated (Recent Starter Model),3PM,1.68,1.0,2.5,high_confidence,56
DET @ SAS,DET,Cade Cunningham,Estimated (Recent Starter Model),STL,1.51,1.0,2.5,high_confidence,56
DET @ SAS,DET,Cade Cunningham,Estimated (Recent Starter Model),BLK,0.63,,1.5,high_confidence,56
DET @ SAS,DET,Cade Cunningham,Estimated (Recent Starter Model),TO,4.28,3.5,5.0,high_confidence,56
DET @ SAS,DET,Duncan Robinson,Estimated (Recent Starter Model),PTS,12.39,10.5,14.0,high_confidence,58
DET @ SAS,DET,Duncan Robinson,Estimated (Recent Starter Model),REB,2.86,1.5,4.0,high_confidence,58
DET @ SAS,DET,Duncan Robinson,Estimated (Recent Starter Model),AST,2.17,1.0,3.5,high_confidence,58
DET @ SAS,DET,Duncan Robinson,Estimated (Recent Starter Model),PRA,17.43,15.0,19.5,high_confidence,58
DET @ SAS,DET,Duncan Robinson,Estimated (Recent Starter Model),3PM,2.75,2.0,3.5,high_confidence,58
DET @ SAS,DET,Duncan Robinson,Estimated (Recent Starter Model),STL,0.58,,1.5,high_confidence,58
DET @ SAS,DET,Duncan Robinson,Estimated (Recent Starter Model),BLK,0.41,,1.0,high_confidence,58
DET @ SAS,DET,Duncan Robinson,Estimated (Recent Starter Model),TO,0.77,,1.5,high_confidence,58
DET @ SAS,DET,Jalen Duren,Estimated (Recent Starter Model),PTS,20.01,18.5,22.0,high_confidence,52
DET @ SAS,DET,Jalen Duren,Estimated (Recent Starter Model),REB,11.75,10.5,13.0,high_confidence,52
DET @ SAS,DET,Jalen Duren,Estimated (Recent Starter Model),AST,1.67,0.5,3.0,high_confidence,52
DET @ SAS,DET,Jalen Duren,Estimated (Recent Starter Model),PRA,33.43,31.0,35.5,high_confidence,52
DET @ SAS,DET,Jalen Duren,Estimated (Recent Starter Model),3PM,0.0,,0.5,high_confidence,52
DET @ SAS,DET,Jalen Duren,Estimated (Recent Starter Model),STL,0.69,,1.5,high_confidence,52
DET @ SAS,DET,Jalen Duren,Estimated (Recent Starter Model),BLK,0.74,,1.5,high_confidence,52
DET @ SAS,DET,Jalen Duren,Estimated (Recent Starter Model),TO,1.6,1.0,2.5,high_confidence,52
DET @ SAS,DET,Tobias Harris,Estimated (Recent Starter Model),PTS,14.39,12.5,16.0,high_confidence,44
DET @ SAS,DET,Tobias Harris,Estimated (Recent Starter Model),REB,5.21,4.0,6.5,high_confidence,44
DET @ SAS,DET,Tobias Harris,Estimated (Recent Starter Model),AST,2.35,1.0,3.5,high_confidence,44
DET @ SAS,DET,Tobias Harris,Estimated (Recent Starter Model),PRA,21.95,19.5,24.0,high_confidence,44
DET @ SAS,DET,Tobias Harris,Estimated (Recent Starter Model),3PM,1.35,0.5,2.0,high_confidence,44
DET @ SAS,DET,Tobias Harris,Estimated (Recent Starter Model),STL,0.88,,1.5,high_confidence,44
DET @ SAS,DET,Tobias Harris,Estimated (Recent Starter Model),BLK,0.23,,1.0,high_confidence,44
DET @ SAS,DET,Tobias Harris,Estimated (Recent Starter Model),TO,0.98,,1.5,high_confidence,44
DET @ SAS,SAS,De'Aaron Fox,Estimated (Recent Starter Model),PTS,17.81,16.0,19.5,high_confidence,55
DET @ SAS,SAS,De'Aaron Fox,Estimated (Recent Starter Model),REB,3.47,2.0,4.5,high_confidence,55
DET @ SAS,SAS,De'Aaron Fox,Estimated (Recent Starter Model),AST,5.57,4.5,7.0,high_confidence,55
DET @ SAS,SAS,De'Aaron Fox,Estimated (Recent Starter Model),PRA,26.85,24.5,29.0,high_confidence,55
DET @ SAS,SAS,De'Aaron Fox,Estimated (Recent Starter Model),3PM,1.81,1.0,2.5,high_confidence,55
DET @ SAS,SAS,De'Aaron Fox,Estimated (Recent Starter Model),STL,1.06,0.5,2.0,high_confidence,55
DET @ SAS,SAS,De'Aaron Fox,Estimated (Recent Starter Model),BLK,0.2,,1.0,high_confidence,55
DET @ SAS,SAS,De'Aaron Fox,Estimated (Recent Starter Model),TO,2.35,1.5,3.0,high_confidence,55
DET @ SAS,SAS,Devin Vassell,Estimated (Recent Starter Model),PTS,13.93,12.0,15.5,high_confidence,49
DET @ SAS,SAS,Devin Vassell,Estimated (Recent Starter Model),REB,4.07,3.0,5.5,high_confidence,49
DET @ SAS,SAS,Devin Vassell,Estimated (Recent Starter Model),AST,2.37,1.0,3.5,high_confidence,49
DET @ SAS,SAS,Devin Vassell,Estimated (Recent Starter Model),PRA,20.38,18.0,22.5,high_confidence,49
DET @ SAS,SAS,Devin Vassell,Estimated (Recent Starter Model),3PM,4.32,3.5,5.0,high_confidence,49
DET @ SAS,SAS,Devin Vassell,Estimated (Recent Starter Model),STL,0.89,,1.5,high_confidence,49
DET @ SAS,SAS,Devin Vassell,Estimated (Recent Starter Model),BLK,0.38,,1.0,high_confidence,49
DET @ SAS,SAS,Devin Vassell,Estimated (Recent Starter Model),TO,1.27,0.5,2.0,high_confidence,49
DET @ SAS,SAS,Julian Champagnie,Estimated (Recent Starter Model),PTS,10.5,8.5,12.0,high_confidence,62
DET @ SAS,SAS,Julian Champagnie,Estimated (Recent Starter Model),REB,5.64,4.5,7.0,high_confidence,62
DET @ SAS,SAS,Julian Champagnie,Estimated (Recent Starter Model),AST,1.54,0.5,3.0,high_confidence,62
DET @ SAS,SAS,Julian Champagnie,Estimated (Recent Starter Model),PRA,17.68,15.5,20.0,high_confidence,62
DET @ SAS,SAS,Julian Champagnie,Estimated (Recent Starter Model),3PM,2.53,2.0,3.5,high_confidence,62
DET @ SAS,SAS,Julian Champagnie,Estimated (Recent Starter Model),STL,0.68,,1.5,high_confidence,62
DET @ SAS,SAS,Julian Champagnie,Estimated (Recent Starter Model),BLK,0.72,,1.5,high_confidence,62
DET @ SAS,SAS,Julian Champagnie,Estimated (Recent Starter Model),TO,1.09,0.5,2.0,high_confidence,62
DET @ SAS,SAS,Stephon Castle,Estimated (Recent Starter Model),PTS,16.51,15.0,18.5,high_confidence,54
DET @ SAS,SAS,Stephon Castle,Estimated (Recent Starter Model),REB,4.5,3.0,5.5,high_confidence,54
DET @ SAS,SAS,Stephon Castle,Estimated (Recent Starter Model),AST,6.62,5.5,8.0,high_confidence,54
DET @ SAS,SAS,Stephon Castle,Estimated (Recent Starter Model),PRA,27.63,25.5,30.0,high_confidence,54
DET @ SAS,SAS,Stephon Castle,Estimated (Recent Starter Model),3PM,0.97,,1.5,high_confidence,54
DET @ SAS,SAS,Stephon Castle,Estimated (Recent Starter Model),STL,1.29,0.5,2.0,high_confidence,54
DET @ SAS,SAS,Stephon Castle,Estimated (Recent Starter Model),BLK,0.3,,1.0,high_confidence,54
DET @ SAS,SAS,Stephon Castle,Estimated (Recent Starter Model),TO,2.66,2.0,3.5,high_confidence,54
DET @ SAS,SAS,Victor Wembanyama,Estimated (Recent Starter Model),PTS,18.79,17.0,20.5,high_confidence,50
DET @ SAS,SAS,Victor Wembanyama,Estimated (Recent Starter Model),REB,9.78,8.5,11.0,high_confidence,50
DET @ SAS,SAS,Victor Wembanyama,Estimated (Recent Starter Model),AST,2.73,1.5,4.0,high_confidence,50
DET @ SAS,SAS,Victor Wembanyama,Estimated (Recent Starter Model),PRA,31.31,29.0,33.5,high_confidence,50
DET @ SAS,SAS,Victor Wembanyama,Estimated (Recent Starter Model),3PM,1.21,0.5,2.0,high_confidence,50
DET @ SAS,SAS,Victor Wembanyama,Estimated (Recent Starter Model),STL,1.32,0.5,2.0,high_confidence,50
DET @ SAS,SAS,Victor Wembanyama,Estimated (Recent Starter Model),BLK,5.76,5.0,6.5,high_confidence,50
DET @ SAS,SAS,Victor Wembanyama,Estimated (Recent Starter Model),TO,2.96,2.0,3.5,high_confidence,50
GSW @ HOU,GSW,De'Anthony Melton,Estimated (Recent Starter Model),PTS,13.41,11.5,15.0,high_confidence,33
GSW @ HOU,GSW,De'Anthony Melton,Estimated (Recent Starter Model),REB,3.4,2.0,4.5,high_confidence,33
GSW @ HOU,GSW,De'Anthony Melton,Estimated (Recent Starter Model),AST,2.39,1.0,3.5,high_confidence,33
GSW @ HOU,GSW,De'Anthony Melton,Estimated (Recent Starter Model),PRA,19.21,17.0,21.5,high_confidence,33
GSW @ HOU,GSW,De'Anthony Melton,Estimated (Recent Starter Model),3PM,1.67,1.0,2.5,high_confidence,33
GSW @ HOU,GSW,De'Anthony Melton,Estimated (Recent Starter Model),STL,1.96,1.0,2.5,high_confidence,33
GSW @ HOU,GSW,De'Anthony Melton,Estimated (Recent Starter Model),BLK,0.38,,1.0,high_confidence,33
GSW @ HOU,GSW,De'Anthony Melton,Estimated (Recent Starter Model),TO,2.14,1.5,3.0,high_confidence,33
GSW @ HOU,GSW,Draymond Green,Estimated (Recent Starter Model),PTS,9.38,7.5,11.0,high_confidence,50
GSW @ HOU,GSW,Draymond Green,Estimated (Recent Starter Model),REB,4.82,3.5,6.0,high_confidence,50
GSW @ HOU,GSW,Draymond Green,Estimated (Recent Starter Model),AST,4.68,3.5,6.0,high_confidence,50
GSW @ HOU,GSW,Draymond Green,Estimated (Recent Starter Model),PRA,18.87,16.5,21.0,high_confidence,50
GSW @ HOU,GSW,Draymond Green,Estimated (Recent Starter Model),3PM,1.47,0.5,2.0,high_confidence,50
GSW @ HOU,GSW,Draymond Green,Estimated (Recent Starter Model),STL,0.79,,1.5,high_confidence,50
GSW @ HOU,GSW,Draymond Green,Estimated (Recent Starter Model),BLK,0.54,,1.5,high_confidence,50
GSW @ HOU,GSW,Draymond Green,Estimated (Recent Starter Model),TO,2.3,1.5,3.0,high_confidence,50
GSW @ HOU,GSW,Gui Santos,Estimated (Recent Starter Model),PTS,7.41,5.5,9.0,high_confidence,50
GSW @ HOU,GSW,Gui Santos,Estimated (Recent Starter Model),REB,3.24,2.0,4.5,high_confidence,50
GSW @ HOU,GSW,Gui Santos,Estimated (Recent Starter Model),AST,2.36,1.0,3.5,high_confidence,50
GSW @ HOU,GSW,Gui Santos,Estimated (Recent Starter Model),PRA,13.01,11.0,15.5,high_confidence,50
GSW @ HOU,GSW,Gui Santos,Estimated (Recent Starter Model),3PM,1.0,,1.5,high_confidence,50
GSW @ HOU,GSW,Gui Santos,Estimated (Recent Starter Model),STL,1.3,0.5,2.0,high_confidence,50
GSW @ HOU,GSW,Gui Santos,Estimated (Recent Starter Model),BLK,0.47,,1.0,high_confidence,50
GSW @ HOU,GSW,Gui Santos,Estimated (Recent Starter Model),TO,1.52,1.0,2.5,high_confidence,50
GSW @ HOU,GSW,Moses Moody,Estimated (Recent Starter Model),PTS,12.35,10.5,14.0,high_confidence,59
GSW @ HOU,GSW,Moses Moody,Estimated (Recent Starter Model),REB,3.7,2.5,5.0,high_confidence,59
GSW @ HOU,GSW,Moses Moody,Estimated (Recent Starter Model),AST,2.23,1.0,3.5,high_confidence,59
GSW @ HOU,GSW,Moses Moody,Estimated (Recent Starter Model),PRA,18.27,16.0,20.5,high_confidence,59
GSW @ HOU,GSW,Moses Moody,Estimated (Recent Starter Model),3PM,2.61,2.0,3.5,high_confidence,59
GSW @ HOU,GSW,Moses Moody,Estimated (Recent Starter Model),STL,0.86,,1.5,high_confidence,59
GSW @ HOU,GSW,Moses Moody,Estimated (Recent Starter Model),BLK,0.54,,1.5,high_confidence,59
GSW @ HOU,GSW,Moses Moody,Estimated (Recent Starter Model),TO,1.18,0.5,2.0,high_confidence,59
GSW @ HOU,GSW,Pat Spencer,Estimated (Recent Starter Model),PTS,7.28,5.5,9.0,high_confidence,45
GSW @ HOU,GSW,Pat Spencer,Estimated (Recent Starter Model),REB,2.17,1.0,3.5,high_confidence,45
GSW @ HOU,GSW,Pat Spencer,Estimated (Recent Starter Model),AST,3.77,2.5,5.0,high_confidence,45
GSW @ HOU,GSW,Pat Spencer,Estimated (Recent Starter Model),PRA,13.22,11.0,15.5,high_confidence,45
GSW @ HOU,GSW,Pat Spencer,Estimated (Recent Starter Model),3PM,0.89,,1.5,high_confidence,45
GSW @ HOU,GSW,Pat Spencer,Estimated (Recent Starter Model),STL,0.76,,1.5,high_confidence,45
GSW @ HOU,GSW,Pat Spencer,Estimated (Recent Starter Model),BLK,0.08,,1.0,high_confidence,45
GSW @ HOU,GSW,Pat Spencer,Estimated (Recent Starter Model),TO,1.18,0.5,2.0,high_confidence,45
GSW @ HOU,HOU,Alperen Sengun,Estimated (Recent Starter Model),PTS,21.77,20.0,23.5,high_confidence,55
GSW @ HOU,HOU,Alperen Sengun,Estimated (Recent Starter Model),REB,10.41,9.0,11.5,high_confidence,55
GSW @ HOU,HOU,Alperen Sengun,Estimated (Recent Starter Model),AST,6.13,5.0,7.5,high_confidence,55
GSW @ HOU,HOU,Alperen Sengun,Estimated (Recent Starter Model),PRA,38.3,36.0,40.5,high_confidence,55
GSW @ HOU,HOU,Alperen Sengun,Estimated (Recent Starter Model),3PM,0.31,,1.0,high_confidence,55
GSW @ HOU,HOU,Alperen Sengun,Estimated (Recent Starter Model),STL,1.37,0.5,2.0,high_confidence,55
GSW @ HOU,HOU,Alperen Sengun,Estimated (Recent Starter Model),BLK,0.97,,1.5,high_confidence,55
GSW @ HOU,HOU,Alperen Sengun,Estimated (Recent Starter Model),TO,3.31,2.5,4.0,high_confidence,55
GSW @ HOU,HOU,Amen Thompson,Estimated (Recent Starter Model),PTS,18.33,16.5,20.0,high_confidence,58
GSW @ HOU,HOU,Amen Thompson,Estimated (Recent Starter Model),REB,8.12,7.0,9.5,high_confidence,58
GSW @ HOU,HOU,Amen Thompson,Estimated (Recent Starter Model),AST,5.08,4.0,6.5,high_confidence,58
GSW @ HOU,HOU,Amen Thompson,Estimated (Recent Starter Model),PRA,31.53,29.5,34.0,high_confidence,58
GSW @ HOU,HOU,Amen Thompson,Estimated (Recent Starter Model),3PM,0.35,,1.0,high_confidence,58
GSW @ HOU,HOU,Amen Thompson,Estimated (Recent Starter Model),STL,1.44,0.5,2.0,high_confidence,58
GSW @ HOU,HOU,Amen Thompson,Estimated (Recent Starter Model),BLK,0.64,,1.5,high_confidence,58
GSW @ HOU,HOU,Amen Thompson,Estimated (Recent Starter Model),TO,2.64,2.0,3.5,high_confidence,58
GSW @ HOU,HOU,Jabari Smith Jr.,Estimated (Recent Starter Model),PTS,14.35,12.5,16.0,high_confidence,57
GSW @ HOU,HOU,Jabari Smith Jr.,Estimated (Recent Starter Model),REB,6.69,5.5,8.0,high_confidence,57
GSW @ HOU,HOU,Jabari Smith Jr.,Estimated (Recent Starter Model),AST,1.61,0.5,3.0,high_confidence,57
GSW @ HOU,HOU,Jabari Smith Jr.,Estimated (Recent Starter Model),PRA,22.65,20.5,25.0,high_confidence,57
GSW @ HOU,HOU,Jabari Smith Jr.,Estimated (Recent Starter Model),3PM,2.26,1.5,3.0,high_confidence,57
GSW @ HOU,HOU,Jabari Smith Jr.,Estimated (Recent Starter Model),STL,0.76,,1.5,high_confidence,57
GSW @ HOU,HOU,Jabari Smith Jr.,Estimated (Recent Starter Model),BLK,0.81,,1.5,high_confidence,57
GSW @ HOU,HOU,Jabari Smith Jr.,Estimated (Recent Starter Model),TO,1.35,0.5,2.0,high_confidence,57
GSW @ HOU,HOU,Kevin Durant,Estimated (Recent Starter Model),PTS,26.66,25.0,28.5,high_confidence,59
GSW @ HOU,HOU,Kevin Durant,Estimated (Recent Starter Model),REB,5.38,4.0,6.5,high_confidence,59
GSW @ HOU,HOU,Kevin Durant,Estimated (Recent Starter Model),AST,4.44,3.0,5.5,high_confidence,59
GSW @ HOU,HOU,Kevin Durant,Estimated (Recent Starter Model),PRA,36.47,34.0,38.5,high_confidence,59
GSW @ HOU,HOU,Kevin Durant,Estimated (Recent Starter Model),3PM,2.04,1.5,3.0,high_confidence,59
GSW @ HOU,HOU,Kevin Durant,Estimated (Recent Starter Model),STL,0.78,,1.5,high_confidence,59
GSW @ HOU,HOU,Kevin Durant,Estimated (Recent Starter Model),BLK,0.88,,1.5,high_confidence,59
GSW @ HOU,HOU,Kevin Durant,Estimated (Recent Starter Model),TO,3.49,2.5,4.0,high_confidence,59
GSW @ HOU,HOU,Tari Eason,Estimated (Recent Starter Model),PTS,11.92,10.0,13.5,high_confidence,38
GSW @ HOU,HOU,Tari Eason,Estimated (Recent Starter Model),REB,6.58,5.5,8.0,high_confidence,38
GSW @ HOU,HOU,Tari Eason,Estimated (Recent Starter Model),AST,1.82,0.5,3.0,high_confidence,38
GSW @ HOU,HOU,Tari Eason,Estimated (Recent Starter Model),PRA,20.32,18.0,22.5,high_confidence,38
GSW @ HOU,HOU,Tari Eason,Estimated (Recent Starter Model),3PM,1.78,1.0,2.5,high_confidence,38
GSW @ HOU,HOU,Tari Eason,Estimated (Recent Starter Model),STL,1.42,0.5,2.0,high_confidence,38
GSW @ HOU,HOU,Tari Eason,Estimated (Recent Starter Model),BLK,0.57,,1.5,high_confidence,38
GSW @ HOU,HOU,Tari Eason,Estimated (Recent Starter Model),TO,1.88,1.0,2.5,high_confidence,38
LAL @ DEN,DEN,Cameron Johnson,Estimated (Recent Starter Model),PTS,12.8,11.0,14.5,high_confidence,37
LAL @ DEN,DEN,Cameron Johnson,Estimated (Recent Starter Model),REB,3.63,2.5,5.0,high_confidence,37
LAL @ DEN,DEN,Cameron Johnson,Estimated (Recent Starter Model),AST,2.27,1.0,3.5,high_confidence,37
LAL @ DEN,DEN,Cameron Johnson,Estimated (Recent Starter Model),PRA,18.7,16.5,21.0,high_confidence,37
LAL @ DEN,DEN,Cameron Johnson,Estimated (Recent Starter Model),3PM,1.78,1.0,2.5,high_confidence,37
LAL @ DEN,DEN,Cameron Johnson,Estimated (Recent Starter Model),STL,0.68,,1.5,high_confidence,37
LAL @ DEN,DEN,Cameron Johnson,Estimated (Recent Starter Model),BLK,0.43,,1.0,high_confidence,37
LAL @ DEN,DEN,Cameron Johnson,Estimated (Recent Starter Model),TO,0.96,,1.5,high_confidence,37
LAL @ DEN,DEN,Christian Braun,Estimated (Recent Starter Model),PTS,11.09,9.5,13.0,high_confidence,26
LAL @ DEN,DEN,Christian Braun,Estimated (Recent Starter Model),REB,6.04,5.0,7.5,high_confidence,26
LAL @ DEN,DEN,Christian Braun,Estimated (Recent Starter Model),AST,3.34,2.0,4.5,high_confidence,26
LAL @ DEN,DEN,Christian Braun,Estimated (Recent Starter Model),PRA,20.47,18.0,22.5,high_confidence,26
LAL @ DEN,DEN,Christian Braun,Estimated (Recent Starter Model),3PM,0.89,,1.5,high_confidence,26
LAL @ DEN,DEN,Christian Braun,Estimated (Recent Starter Model),STL,0.62,,1.5,high_confidence,26
LAL @ DEN,DEN,Christian Braun,Estimated (Recent Starter Model),BLK,0.39,,1.0,high_confidence,26
LAL @ DEN,DEN,Christian Braun,Estimated (Recent Starter Model),TO,1.36,0.5,2.0,high_confidence,26
LAL @ DEN,DEN,Jamal Murray,Estimated (Recent Starter Model),PTS,23.79,22.0,25.5,high_confidence,59
LAL @ DEN,DEN,Jamal Murray,Estimated (Recent Starter Model),REB,5.14,4.0,6.5,high_confidence,59
LAL @ DEN,DEN,Jamal Murray,Estimated (Recent Starter Model),AST,8.33,7.0,9.5,high_confidence,59
LAL @ DEN,DEN,Jamal Murray,Estimated (Recent Starter Model),PRA,37.26,35.0,39.5,high_confidence,59
LAL @ DEN,DEN,Jamal Murray,Estimated (Recent Starter Model),3PM,3.51,3.0,4.5,high_confidence,59
LAL @ DEN,DEN,Jamal Murray,Estimated (Recent Starter Model),STL,1.11,0.5,2.0,high_confidence,59
LAL @ DEN,DEN,Jamal Murray,Estimated (Recent Starter Model),BLK,0.25,,1.0,high_confidence,59
LAL @ DEN,DEN,Jamal Murray,Estimated (Recent Starter Model),TO,2.11,1.5,3.0,high_confidence,59
LAL @ DEN,DEN,Nikola Jokić,Estimated (Recent Starter Model),PTS,26.67,25.0,28.5,high_confidence,47
LAL @ DEN,DEN,Nikola Jokić,Estimated (Recent Starter Model),REB,10.72,9.5,12.0,high_confidence,47
LAL @ DEN,DEN,Nikola Jokić,Estimated (Recent Starter Model),AST,9.36,8.0,10.5,high_confidence,47
LAL @ DEN,DEN,Nikola Jokić,Estimated (Recent Starter Model),PRA,46.74,44.5,49.0,high_confidence,47
LAL @ DEN,DEN,Nikola Jokić,Estimated (Recent Starter Model),3PM,1.82,1.0,2.5,high_confidence,47
LAL @ DEN,DEN,Nikola Jokić,Estimated (Recent Starter Model),STL,1.67,1.0,2.5,high_confidence,47
LAL @ DEN,DEN,Nikola Jokić,Estimated (Recent Starter Model),BLK,0.48,,1.0,high_confidence,47
LAL @ DEN,DEN,Nikola Jokić,Estimated (Recent Starter Model),TO,3.22,2.5,4.0,high_confidence,47
LAL @ DEN,DEN,Peyton Watson,Estimated (Recent Starter Model),PTS,16.72,15.0,18.5,high_confidence,49
LAL @ DEN,DEN,Peyton Watson,Estimated (Recent Starter Model),REB,4.5,3.5,6.0,high_confidence,49
LAL @ DEN,DEN,Peyton Watson,Estimated (Recent Starter Model),AST,2.14,1.0,3.5,high_confidence,49
LAL @ DEN,DEN,Peyton Watson,Estimated (Recent Starter Model),PRA,23.36,21.0,25.5,high_confidence,49
LAL @ DEN,DEN,Peyton Watson,Estimated (Recent Starter Model),3PM,1.81,1.0,2.5,high_confidence,49
LAL @ DEN,DEN,Peyton Watson,Estimated (Recent Starter Model),STL,0.89,,1.5,high_confidence,49
LAL @ DEN,DEN,Peyton Watson,Estimated (Recent Starter Model),BLK,0.79,,1.5,high_confidence,49
LAL @ DEN,DEN,Peyton Watson,Estimated (Recent Starter Model),TO,1.77,1.0,2.5,high_confidence,49
LAL @ DEN,LAL,Austin Reaves,Estimated (Recent Starter Model),PTS,21.79,20.0,23.5,high_confidence,34
LAL @ DEN,LAL,Austin Reaves,Estimated (Recent Starter Model),REB,4.47,3.0,5.5,high_confidence,34
LAL @ DEN,LAL,Austin Reaves,Estimated (Recent Starter Model),AST,5.34,4.0,6.5,high_confidence,34
LAL @ DEN,LAL,Austin Reaves,Estimated (Recent Starter Model),PRA,31.61,29.5,34.0,high_confidence,34
LAL @ DEN,LAL,Austin Reaves,Estimated (Recent Starter Model),3PM,2.25,1.5,3.0,high_confidence,34
LAL @ DEN,LAL,Austin Reaves,Estimated (Recent Starter Model),STL,0.95,,1.5,high_confidence,34
LAL @ DEN,LAL,Austin Reaves,Estimated (Recent Starter Model),BLK,0.31,,1.0,high_confidence,34
LAL @ DEN,LAL,Austin Reaves,Estimated (Recent Starter Model),TO,3.12,2.5,4.0,high_confidence,34
LAL @ DEN,LAL,Deandre Ayton,Estimated (Recent Starter Model),PTS,12.46,10.5,14.0,high_confidence,52
LAL @ DEN,LAL,Deandre Ayton,Estimated (Recent Starter Model),REB,8.26,7.0,9.5,high_confidence,52
LAL @ DEN,LAL,Deandre Ayton,Estimated (Recent Starter Model),AST,1.02,,2.5,high_confidence,52
LAL @ DEN,LAL,Deandre Ayton,Estimated (Recent Starter Model),PRA,21.74,19.5,24.0,high_confidence,52
LAL @ DEN,LAL,Deandre Ayton,Estimated (Recent Starter Model),3PM,0.04,,1.0,high_confidence,52
LAL @ DEN,LAL,Deandre Ayton,Estimated (Recent Starter Model),STL,0.63,,1.5,high_confidence,52
LAL @ DEN,LAL,Deandre Ayton,Estimated (Recent Starter Model),BLK,0.73,,1.5,high_confidence,52
LAL @ DEN,LAL,Deandre Ayton,Estimated (Recent Starter Model),TO,0.84,,1.5,high_confidence,52
LAL @ DEN,LAL,LeBron James,Estimated (Recent Starter Model),PTS,21.94,20.0,23.5,high_confidence,44
LAL @ DEN,LAL,LeBron James,Estimated (Recent Starter Model),REB,5.22,4.0,6.5,high_confidence,44
LAL @ DEN,LAL,LeBron James,Estimated (Recent Starter Model),AST,6.48,5.0,7.5,high_confidence,44
LAL @ DEN,LAL,LeBron James,Estimated (Recent Starter Model),PRA,33.64,31.5,36.0,high_confidence,44
LAL @ DEN,LAL,LeBron James,Estimated (Recent Starter Model),3PM,1.34,0.5,2.0,high_confidence,44
LAL @ DEN,LAL,LeBron James,Estimated (Recent Starter Model),STL,0.93,,1.5,high_confidence,44
LAL @ DEN,LAL,LeBron James,Estimated (Recent Starter Model),BLK,0.53,,1.5,high_confidence,44
LAL @ DEN,LAL,LeBron James,Estimated (Recent Starter Model),TO,2.77,2.0,3.5,high_confidence,44
LAL @ DEN,LAL,Luka Dončić,Estimated (Recent Starter Model),PTS,31.11,29.5,33.0,high_confidence,49
LAL @ DEN,LAL,Luka Dončić,Estimated (Recent Starter Model),REB,7.02,6.0,8.5,high_confidence,49
LAL @ DEN,LAL,Luka Dončić,Estimated (Recent Starter Model),AST,9.04,8.0,10.5,high_confidence,49
LAL @ DEN,LAL,Luka Dončić,Estimated (Recent Starter Model),PRA,47.17,45.0,49.5,high_confidence,49
LAL @ DEN,LAL,Luka Dončić,Estimated (Recent Starter Model),3PM,3.69,3.0,4.5,high_confidence,49
LAL @ DEN,LAL,Luka Dončić,Estimated (Recent Starter Model),STL,1.54,1.0,2.5,high_confidence,49
LAL @ DEN,LAL,Luka Dončić,Estimated (Recent Starter Model),BLK,0.45,,1.0,high_confidence,49
LAL @ DEN,LAL,Luka Dončić,Estimated (Recent Starter Model),TO,4.68,4.0,5.5,high_confidence,49
LAL @ DEN,LAL,Marcus Smart,Estimated (Recent Starter Model),PTS,10.42,8.5,12.0,high_confidence,50
LAL @ DEN,LAL,Marcus Smart,Estimated (Recent Starter Model),REB,2.89,1.5,4.0,high_confidence,50
LAL @ DEN,LAL,Marcus Smart,Estimated (Recent Starter Model),AST,2.52,1.5,4.0,high_confidence,50
LAL @ DEN,LAL,Marcus Smart,Estimated (Recent Starter Model),PRA,15.83,13.5,18.0,high_confidence,50
LAL @ DEN,LAL,Marcus Smart,Estimated (Recent Starter Model),3PM,1.52,1.0,2.5,high_confidence,50
LAL @ DEN,LAL,Marcus Smart,Estimated (Recent Starter Model),STL,1.43,0.5,2.0,high_confidence,50
LAL @ DEN,LAL,Marcus Smart,Estimated (Recent Starter Model),BLK,0.43,,1.0,high_confidence,50
LAL @ DEN,LAL,Marcus Smart,Estimated (Recent Starter Model),TO,1.06,0.5,2.0,high_confidence,50
NOP @ SAC,NOP,Dejounte Murray,Estimated (Recent Starter Model),PTS,16.0,14.5,18.0,medium_confidence,3
NOP @ SAC,NOP,Dejounte Murray,Estimated (Recent Starter Model),REB,3.21,2.0,4.5,medium_confidence,3
NOP @ SAC,NOP,Dejounte Murray,Estimated (Recent Starter Model),AST,5.24,4.0,6.5,medium_confidence,3
NOP @ SAC,NOP,Dejounte Murray,Estimated (Recent Starter Model),PRA,24.46,22.0,26.5,medium_confidence,3
NOP @ SAC,NOP,Dejounte Murray,Estimated (Recent Starter Model),3PM,1.23,0.5,2.0,medium_confidence,3
NOP @ SAC,NOP,Dejounte Murray,Estimated (Recent Starter Model),STL,2.21,1.5,3.0,medium_confidence,3
NOP @ SAC,NOP,Dejounte Murray,Estimated (Recent Starter Model),BLK,0.31,,1.0,medium_confidence,3
NOP @ SAC,NOP,Dejounte Murray,Estimated (Recent Starter Model),TO,3.68,3.0,4.5,medium_confidence,3
NOP @ SAC,NOP,Herbert Jones,Estimated (Recent Starter Model),PTS,9.0,7.0,10.5,high_confidence,39
NOP @ SAC,NOP,Herbert Jones,Estimated (Recent Starter Model),REB,3.64,2.5,5.0,high_confidence,39
NOP @ SAC,NOP,Herbert Jones,Estimated (Recent Starter Model),AST,3.59,2.5,5.0,high_confidence,39
NOP @ SAC,NOP,Herbert Jones,Estimated (Recent Starter Model),PRA,16.23,14.0,18.5,high_confidence,39
NOP @ SAC,NOP,Herbert Jones,Estimated (Recent Starter Model),3PM,1.42,0.5,2.0,high_confidence,39
NOP @ SAC,NOP,Herbert Jones,Estimated (Recent Starter Model),STL,1.4,0.5,2.0,high_confidence,39
NOP @ SAC,NOP,Herbert Jones,Estimated (Recent Starter Model),BLK,0.48,,1.0,high_confidence,39
NOP @ SAC,NOP,Herbert Jones,Estimated (Recent Starter Model),TO,1.38,0.5,2.0,high_confidence,39
NOP @ SAC,NOP,Saddiq Bey,Estimated (Recent Starter Model),PTS,18.26,16.5,20.0,high_confidence,55
NOP @ SAC,NOP,Saddiq Bey,Estimated (Recent Starter Model),REB,5.45,4.0,6.5,high_confidence,55
NOP @ SAC,NOP,Saddiq Bey,Estimated (Recent Starter Model),AST,2.92,1.5,4.0,high_confidence,55
NOP @ SAC,NOP,Saddiq Bey,Estimated (Recent Starter Model),PRA,26.62,24.5,29.0,high_confidence,55
NOP @ SAC,NOP,Saddiq Bey,Estimated (Recent Starter Model),3PM,2.16,1.5,3.0,high_confidence,55
NOP @ SAC,NOP,Saddiq Bey,Estimated (Recent Starter Model),STL,1.19,0.5,2.0,high_confidence,55
NOP @ SAC,NOP,Saddiq Bey,Estimated (Recent Starter Model),BLK,0.11,,1.0,high_confidence,55
NOP @ SAC,NOP,Saddiq Bey,Estimated (Recent Starter Model),TO,1.26,0.5,2.0,high_confidence,55
NOP @ SAC,NOP,Trey Murphy III,Estimated (Recent Starter Model),PTS,23.7,22.0,25.5,high_confidence,53
NOP @ SAC,NOP,Trey Murphy III,Estimated (Recent Starter Model),REB,5.21,4.0,6.5,high_confidence,53
NOP @ SAC,NOP,Trey Murphy III,Estimated (Recent Starter Model),AST,4.42,3.0,5.5,high_confidence,53
NOP @ SAC,NOP,Trey Murphy III,Estimated (Recent Starter Model),PRA,33.33,31.0,35.5,high_confidence,53
NOP @ SAC,NOP,Trey Murphy III,Estimated (Recent Starter Model),3PM,3.78,3.0,4.5,high_confidence,53
NOP @ SAC,NOP,Trey Murphy III,Estimated (Recent Starter Model),STL,1.81,1.0,2.5,high_confidence,53
NOP @ SAC,NOP,Trey Murphy III,Estimated (Recent Starter Model),BLK,0.3,,1.0,high_confidence,53
NOP @ SAC,NOP,Trey Murphy III,Estimated (Recent Starter Model),TO,1.92,1.0,2.5,high_confidence,53
NOP @ SAC,NOP,Zion Williamson,Estimated (Recent Starter Model),PTS,21.61,20.0,23.5,high_confidence,45
NOP @ SAC,NOP,Zion Williamson,Estimated (Recent Starter Model),REB,5.81,4.5,7.0,high_confidence,45
NOP @ SAC,NOP,Zion Williamson,Estimated (Recent Starter Model),AST,3.41,2.0,4.5,high_confidence,45
NOP @ SAC,NOP,Zion Williamson,Estimated (Recent Starter Model),PRA,30.83,28.5,33.0,high_confidence,45
NOP @ SAC,NOP,Zion Williamson,Estimated (Recent Starter Model),3PM,0.24,,1.0,high_confidence,45
NOP @ SAC,NOP,Zion Williamson,Estimated (Recent Starter Model),STL,0.98,,1.5,high_confidence,45
NOP @ SAC,NOP,Zion Williamson,Estimated (Recent Starter Model),BLK,0.68,,1.5,high_confidence,45
NOP @ SAC,NOP,Zion Williamson,Estimated (Recent Starter Model),TO,1.81,1.0,2.5,high_confidence,45
NOP @ SAC,SAC,DeMar DeRozan,Estimated (Recent Starter Model),PTS,18.67,17.0,20.5,high_confidence,63
NOP @ SAC,SAC,DeMar DeRozan,Estimated (Recent Starter Model),REB,3.51,2.5,5.0,high_confidence,63
NOP @ SAC,SAC,DeMar DeRozan,Estimated (Recent Starter Model),AST,4.93,3.5,6.0,high_confidence,63
NOP @ SAC,SAC,DeMar DeRozan,Estimated (Recent Starter Model),PRA,27.1,25.0,29.5,high_confidence,63
NOP @ SAC,SAC,DeMar DeRozan,Estimated (Recent Starter Model),3PM,0.94,,1.5,high_confidence,63
NOP @ SAC,SAC,DeMar DeRozan,Estimated (Recent Starter Model),STL,1.03,0.5,2.0,high_confidence,63
NOP @ SAC,SAC,DeMar DeRozan,Estimated (Recent Starter Model),BLK,0.26,,1.0,high_confidence,63
NOP @ SAC,SAC,DeMar DeRozan,Estimated (Recent Starter Model),TO,1.57,1.0,2.5,high_confidence,63
NOP @ SAC,SAC,Keegan Murray,Estimated (Recent Starter Model),PTS,18.32,16.5,20.0,high_confidence,24
NOP @ SAC,SAC,Keegan Murray,Estimated (Recent Starter Model),REB,6.22,5.0,7.5,high_confidence,24
NOP @ SAC,SAC,Keegan Murray,Estimated (Recent Starter Model),AST,1.08,,2.5,high_confidence,24
NOP @ SAC,SAC,Keegan Murray,Estimated (Recent Starter Model),PRA,25.62,23.5,28.0,high_confidence,24
NOP @ SAC,SAC,Keegan Murray,Estimated (Recent Starter Model),3PM,1.12,0.5,2.0,high_confidence,24
NOP @ SAC,SAC,Keegan Murray,Estimated (Recent Starter Model),STL,1.03,0.5,2.0,high_confidence,24
NOP @ SAC,SAC,Keegan Murray,Estimated (Recent Starter Model),BLK,1.3,0.5,2.0,high_confidence,24
NOP @ SAC,SAC,Keegan Murray,Estimated (Recent Starter Model),TO,1.21,0.5,2.0,high_confidence,24
NOP @ SAC,SAC,Maxime Raynaud,Estimated (Recent Starter Model),PTS,14.18,12.5,16.0,high_confidence,55
NOP @ SAC,SAC,Maxime Raynaud,Estimated (Recent Starter Model),REB,9.49,8.0,10.5,high_confidence,55
NOP @ SAC,SAC,Maxime Raynaud,Estimated (Recent Starter Model),AST,0.97,,2.0,high_confidence,55
NOP @ SAC,SAC,Maxime Raynaud,Estimated (Recent Starter Model),PRA,24.64,22.5,27.0,high_confidence,55
NOP @ SAC,SAC,Maxime Raynaud,Estimated (Recent Starter Model),3PM,0.13,,1.0,high_confidence,55
NOP @ SAC,SAC,Maxime Raynaud,Estimated (Recent Starter Model),STL,0.47,,1.0,high_confidence,55
NOP @ SAC,SAC,Maxime Raynaud,Estimated (Recent Starter Model),BLK,0.68,,1.5,high_confidence,55
NOP @ SAC,SAC,Maxime Raynaud,Estimated (Recent Starter Model),TO,1.64,1.0,2.5,high_confidence,55
NOP @ SAC,SAC,Russell Westbrook,Estimated (Recent Starter Model),PTS,15.43,13.5,17.0,high_confidence,58
NOP @ SAC,SAC,Russell Westbrook,Estimated (Recent Starter Model),REB,4.94,3.5,6.0,high_confidence,58
NOP @ SAC,SAC,Russell Westbrook,Estimated (Recent Starter Model),AST,4.86,3.5,6.0,high_confidence,58
NOP @ SAC,SAC,Russell Westbrook,Estimated (Recent Starter Model),PRA,25.23,23.0,27.5,high_confidence,58
NOP @ SAC,SAC,Russell Westbrook,Estimated (Recent Starter Model),3PM,1.68,1.0,2.5,high_confidence,58
NOP @ SAC,SAC,Russell Westbrook,Estimated (Recent Starter Model),STL,1.15,0.5,2.0,high_confidence,58
NOP @ SAC,SAC,Russell Westbrook,Estimated (Recent Starter Model),BLK,0.14,,1.0,high_confidence,58
NOP @ SAC,SAC,Russell Westbrook,Estimated (Recent Starter Model),TO,2.99,2.0,3.5,high_confidence,58
NOP @ SAC,SAC,Zach LaVine,Estimated (Recent Starter Model),PTS,18.07,16.5,20.0,high_confidence,40
NOP @ SAC,SAC,Zach LaVine,Estimated (Recent Starter Model),REB,2.65,1.5,4.0,high_confidence,40
NOP @ SAC,SAC,Zach LaVine,Estimated (Recent Starter Model),AST,1.6,0.5,3.0,high_confidence,40
NOP @ SAC,SAC,Zach LaVine,Estimated (Recent Starter Model),PRA,22.31,20.0,24.5,high_confidence,40
NOP @ SAC,SAC,Zach LaVine,Estimated (Recent Starter Model),3PM,3.47,2.5,4.0,high_confidence,40
NOP @ SAC,SAC,Zach LaVine,Estimated (Recent Starter Model),STL,0.72,,1.5,high_confidence,40
NOP @ SAC,SAC,Zach LaVine,Estimated (Recent Starter Model),BLK,0.16,,1.0,high_confidence,40
NOP @ SAC,SAC,Zach LaVine,Estimated (Recent Starter Model),TO,1.73,1.0,2.5,high_confidence,40
TOR @ MIN,MIN,Anthony Edwards,Estimated (Recent Starter Model),PTS,32.6,31.0,34.5,high_confidence,54
TOR @ MIN,MIN,Anthony Edwards,Estimated (Recent Starter Model),REB,5.39,4.0,6.5,high_confidence,54
TOR @ MIN,MIN,Anthony Edwards,Estimated (Recent Starter Model),AST,3.11,2.0,4.5,high_confidence,54
TOR @ MIN,MIN,Anthony Edwards,Estimated (Recent Starter Model),PRA,41.1,39.0,43.5,high_confidence,54
TOR @ MIN,MIN,Anthony Edwards,Estimated (Recent Starter Model),3PM,4.05,3.5,5.0,high_confidence,54
TOR @ MIN,MIN,Anthony Edwards,Estimated (Recent Starter Model),STL,1.98,1.0,2.5,high_confidence,54
TOR @ MIN,MIN,Anthony Edwards,Estimated (Recent Starter Model),BLK,0.73,,1.5,high_confidence,54
TOR @ MIN,MIN,Anthony Edwards,Estimated (Recent Starter Model),TO,2.7,2.0,3.5,high_confidence,54
TOR @ MIN,MIN,Donte DiVincenzo,Estimated (Recent Starter Model),PTS,11.85,10.0,13.5,high_confidence,62
TOR @ MIN,MIN,Donte DiVincenzo,Estimated (Recent Starter Model),REB,4.49,3.0,5.5,high_confidence,62
TOR @ MIN,MIN,Donte DiVincenzo,Estimated (Recent Starter Model),AST,4.98,3.5,6.0,high_confidence,62
TOR @ MIN,MIN,Donte DiVincenzo,Estimated (Recent Starter Model),PRA,21.32,19.0,23.5,high_confidence,62
TOR @ MIN,MIN,Donte DiVincenzo,Estimated (Recent Starter Model),3PM,2.29,1.5,3.0,high_confidence,62
TOR @ MIN,MIN,Donte DiVincenzo,Estimated (Recent Starter Model),STL,1.34,0.5,2.0,high_confidence,62
TOR @ MIN,MIN,Donte DiVincenzo,Estimated (Recent Starter Model),BLK,0.39,,1.0,high_confidence,62
TOR @ MIN,MIN,Donte DiVincenzo,Estimated (Recent Starter Model),TO,1.68,1.0,2.5,high_confidence,62
TOR @ MIN,MIN,Jaden McDaniels,Estimated (Recent Starter Model),PTS,14.43,12.5,16.0,high_confidence,60
TOR @ MIN,MIN,Jaden McDaniels,Estimated (Recent Starter Model),REB,4.94,3.5,6.0,high_confidence,60
TOR @ MIN,MIN,Jaden McDaniels,Estimated (Recent Starter Model),AST,2.78,1.5,4.0,high_confidence,60
TOR @ MIN,MIN,Jaden McDaniels,Estimated (Recent Starter Model),PRA,22.16,20.0,24.5,high_confidence,60
TOR @ MIN,MIN,Jaden McDaniels,Estimated (Recent Starter Model),3PM,1.3,0.5,2.0,high_confidence,60
TOR @ MIN,MIN,Jaden McDaniels,Estimated (Recent Starter Model),STL,0.99,,1.5,high_confidence,60
TOR @ MIN,MIN,Jaden McDaniels,Estimated (Recent Starter Model),BLK,0.89,,1.5,high_confidence,60
TOR @ MIN,MIN,Jaden McDaniels,Estimated (Recent Starter Model),TO,1.78,1.0,2.5,high_confidence,60
TOR @ MIN,MIN,Julius Randle,Estimated (Recent Starter Model),PTS,22.0,20.5,24.0,high_confidence,62
TOR @ MIN,MIN,Julius Randle,Estimated (Recent Starter Model),REB,7.68,6.5,9.0,high_confidence,62
TOR @ MIN,MIN,Julius Randle,Estimated (Recent Starter Model),AST,5.07,4.0,6.5,high_confidence,62
TOR @ MIN,MIN,Julius Randle,Estimated (Recent Starter Model),PRA,34.75,32.5,37.0,high_confidence,62
TOR @ MIN,MIN,Julius Randle,Estimated (Recent Starter Model),3PM,1.14,0.5,2.0,high_confidence,62
TOR @ MIN,MIN,Julius Randle,Estimated (Recent Starter Model),STL,0.97,,1.5,high_confidence,62
TOR @ MIN,MIN,Julius Randle,Estimated (Recent Starter Model),BLK,0.46,,1.0,high_confidence,62
TOR @ MIN,MIN,Julius Randle,Estimated (Recent Starter Model),TO,3.21,2.5,4.0,high_confidence,62
TOR @ MIN,MIN,Rudy Gobert,Estimated (Recent Starter Model),PTS,9.74,8.0,11.5,high_confidence,59
TOR @ MIN,MIN,Rudy Gobert,Estimated (Recent Starter Model),REB,11.28,10.0,12.5,high_confidence,59
TOR @ MIN,MIN,Rudy Gobert,Estimated (Recent Starter Model),AST,1.68,0.5,3.0,high_confidence,59
TOR @ MIN,MIN,Rudy Gobert,Estimated (Recent Starter Model),PRA,22.71,20.5,25.0,high_confidence,59
TOR @ MIN,MIN,Rudy Gobert,Estimated (Recent Starter Model),3PM,0.03,,1.0,high_confidence,59
TOR @ MIN,MIN,Rudy Gobert,Estimated (Recent Starter Model),STL,0.72,,1.5,high_confidence,59
TOR @ MIN,MIN,Rudy Gobert,Estimated (Recent Starter Model),BLK,1.14,0.5,2.0,high_confidence,59
TOR @ MIN,MIN,Rudy Gobert,Estimated (Recent Starter Model),TO,1.04,0.5,2.0,high_confidence,59
TOR @ MIN,TOR,Brandon Ingram,Estimated (Recent Starter Model),PTS,23.98,22.0,25.5,high_confidence,61
TOR @ MIN,TOR,Brandon Ingram,Estimated (Recent Starter Model),REB,5.55,4.5,7.0,high_confidence,61
TOR @ MIN,TOR,Brandon Ingram,Estimated (Recent Starter Model),AST,4.1,3.0,5.5,high_confidence,61
TOR @ MIN,TOR,Brandon Ingram,Estimated (Recent Starter Model),PRA,33.63,31.5,36.0,high_confidence,61
TOR @ MIN,TOR,Brandon Ingram,Estimated (Recent Starter Model),3PM,2.01,1.5,3.0,high_confidence,61
TOR @ MIN,TOR,Brandon Ingram,Estimated (Recent Starter Model),STL,0.79,,1.5,high_confidence,61
TOR @ MIN,TOR,Brandon Ingram,Estimated (Recent Starter Model),BLK,0.74,,1.5,high_confidence,61
TOR @ MIN,TOR,Brandon Ingram,Estimated (Recent Starter Model),TO,2.39,1.5,3.0,high_confidence,61
TOR @ MIN,TOR,Collin Murray-Boyles,Estimated (Recent Starter Model),PTS,9.1,7.5,11.0,high_confidence,48
TOR @ MIN,TOR,Collin Murray-Boyles,Estimated (Recent Starter Model),REB,5.54,4.5,7.0,high_confidence,48
TOR @ MIN,TOR,Collin Murray-Boyles,Estimated (Recent Starter Model),AST,1.77,0.5,3.0,high_confidence,48
TOR @ MIN,TOR,Collin Murray-Boyles,Estimated (Recent Starter Model),PRA,16.42,14.0,18.5,high_confidence,48
TOR @ MIN,TOR,Collin Murray-Boyles,Estimated (Recent Starter Model),3PM,0.35,,1.0,high_confidence,48
TOR @ MIN,TOR,Collin Murray-Boyles,Estimated (Recent Starter Model),STL,0.95,,1.5,high_confidence,48
TOR @ MIN,TOR,Collin Murray-Boyles,Estimated (Recent Starter Model),BLK,0.78,,1.5,high_confidence,48
TOR @ MIN,TOR,Collin Murray-Boyles,Estimated (Recent Starter Model),TO,0.97,,1.5,high_confidence,48
TOR @ MIN,TOR,Immanuel Quickley,Estimated (Recent Starter Model),PTS,15.65,14.0,17.5,high_confidence,58
TOR @ MIN,TOR,Immanuel Quickley,Estimated (Recent Starter Model),REB,4.27,3.0,5.5,high_confidence,58
TOR @ MIN,TOR,Immanuel Quickley,Estimated (Recent Starter Model),AST,8.02,7.0,9.5,high_confidence,58
TOR @ MIN,TOR,Immanuel Quickley,Estimated (Recent Starter Model),PRA,27.94,25.5,30.0,high_confidence,58
TOR @ MIN,TOR,Immanuel Quickley,Estimated (Recent Starter Model),3PM,2.55,2.0,3.5,high_confidence,58
TOR @ MIN,TOR,Immanuel Quickley,Estimated (Recent Starter Model),STL,1.16,0.5,2.0,high_confidence,58
TOR @ MIN,TOR,Immanuel Quickley,Estimated (Recent Starter Model),BLK,0.05,,1.0,high_confidence,58
TOR @ MIN,TOR,Immanuel Quickley,Estimated (Recent Starter Model),TO,1.97,1.0,2.5,high_confidence,58
TOR @ MIN,TOR,RJ Barrett,Estimated (Recent Starter Model),PTS,19.15,17.5,21.0,high_confidence,37
TOR @ MIN,TOR,RJ Barrett,Estimated (Recent Starter Model),REB,5.55,4.5,7.0,high_confidence,37
TOR @ MIN,TOR,RJ Barrett,Estimated (Recent Starter Model),AST,3.66,2.5,5.0,high_confidence,37
TOR @ MIN,TOR,RJ Barrett,Estimated (Recent Starter Model),PRA,28.36,26.0,30.5,high_confidence,37
TOR @ MIN,TOR,RJ Barrett,Estimated (Recent Starter Model),3PM,1.72,1.0,2.5,high_confidence,37
TOR @ MIN,TOR,RJ Barrett,Estimated (Recent Starter Model),STL,0.81,,1.5,high_confidence,37
TOR @ MIN,TOR,RJ Barrett,Estimated (Recent Starter Model),BLK,0.71,,1.5,high_confidence,37
TOR @ MIN,TOR,RJ Barrett,Estimated (Recent Starter Model),TO,1.69,1.0,2.5,high_confidence,37
TOR @ MIN,TOR,Scottie Barnes,Estimated (Recent Starter Model),PTS,20.44,18.5,22.0,high_confidence,61
TOR @ MIN,TOR,Scottie Barnes,Estimated (Recent Starter Model),REB,7.29,6.0,8.5,high_confidence,61
TOR @ MIN,TOR,Scottie Barnes,Estimated (Recent Starter Model),AST,4.4,3.0,5.5,high_confidence,61
TOR @ MIN,TOR,Scottie Barnes,Estimated (Recent Starter Model),PRA,32.14,30.0,34.5,high_confidence,61
TOR @ MIN,TOR,Scottie Barnes,Estimated (Recent Starter Model),3PM,0.79,,1.5,high_confidence,61
TOR @ MIN,TOR,Scottie Barnes,Estimated (Recent Starter Model),STL,1.41,0.5,2.0,high_confidence,61
TOR @ MIN,TOR,Scottie Barnes,Estimated (Recent Starter Model),BLK,1.19,0.5,2.0,high_confidence,61
TOR @ MIN,TOR,Scottie Barnes,Estimated (Recent Starter Model),TO,2.98,2.0,3.5,high_confidence,61
UTA @ WAS,UTA,Ace Bailey,Estimated (Recent Starter Model),PTS,12.56,11.0,14.5,high_confidence,57
UTA @ WAS,UTA,Ace Bailey,Estimated (Recent Starter Model),REB,4.51,3.5,6.0,high_confidence,57
UTA @ WAS,UTA,Ace Bailey,Estimated (Recent Starter Model),AST,1.85,0.5,3.0,high_confidence,57
UTA @ WAS,UTA,Ace Bailey,Estimated (Recent Starter Model),PRA,18.92,16.5,21.0,high_confidence,57
UTA @ WAS,UTA,Ace Bailey,Estimated (Recent Starter Model),3PM,1.46,0.5,2.0,high_confidence,57
UTA @ WAS,UTA,Ace Bailey,Estimated (Recent Starter Model),STL,1.21,0.5,2.0,high_confidence,57
UTA @ WAS,UTA,Ace Bailey,Estimated (Recent Starter Model),BLK,0.43,,1.0,high_confidence,57
UTA @ WAS,UTA,Ace Bailey,Estimated (Recent Starter Model),TO,1.27,0.5,2.0,high_confidence,57
UTA @ WAS,UTA,Jaren Jackson Jr.,Estimated (Recent Starter Model),PTS,16.64,15.0,18.5,high_confidence,49
UTA @ WAS,UTA,Jaren Jackson Jr.,Estimated (Recent Starter Model),REB,5.94,4.5,7.0,high_confidence,49
UTA @ WAS,UTA,Jaren Jackson Jr.,Estimated (Recent Starter Model),AST,1.98,0.5,3.0,high_confidence,49
UTA @ WAS,UTA,Jaren Jackson Jr.,Estimated (Recent Starter Model),PRA,24.56,22.5,27.0,high_confidence,49
UTA @ WAS,UTA,Jaren Jackson Jr.,Estimated (Recent Starter Model),3PM,1.91,1.0,2.5,high_confidence,49
UTA @ WAS,UTA,Jaren Jackson Jr.,Estimated (Recent Starter Model),STL,1.22,0.5,2.0,high_confidence,49
UTA @ WAS,UTA,Jaren Jackson Jr.,Estimated (Recent Starter Model),BLK,1.52,1.0,2.5,high_confidence,49
UTA @ WAS,UTA,Jaren Jackson Jr.,Estimated (Recent Starter Model),TO,1.85,1.0,2.5,high_confidence,49
UTA @ WAS,UTA,Jusuf Nurkić,Estimated (Recent Starter Model),PTS,9.69,8.0,11.5,high_confidence,42
UTA @ WAS,UTA,Jusuf Nurkić,Estimated (Recent Starter Model),REB,11.14,10.0,12.5,high_confidence,42
UTA @ WAS,UTA,Jusuf Nurkić,Estimated (Recent Starter Model),AST,5.38,4.0,6.5,high_confidence,42
UTA @ WAS,UTA,Jusuf Nurkić,Estimated (Recent Starter Model),PRA,26.22,24.0,28.5,high_confidence,42
UTA @ WAS,UTA,Jusuf Nurkić,Estimated (Recent Starter Model),3PM,0.61,,1.5,high_confidence,42
UTA @ WAS,UTA,Jusuf Nurkić,Estimated (Recent Starter Model),STL,2.07,1.5,3.0,high_confidence,42
UTA @ WAS,UTA,Jusuf Nurkić,Estimated (Recent Starter Model),BLK,0.49,,1.0,high_confidence,42
UTA @ WAS,UTA,Jusuf Nurkić,Estimated (Recent Starter Model),TO,2.84,2.0,3.5,high_confidence,42
UTA @ WAS,UTA,Keyonte George,Estimated (Recent Starter Model),PTS,18.29,16.5,20.0,high_confidence,51
UTA @ WAS,UTA,Keyonte George,Estimated (Recent Starter Model),REB,3.2,2.0,4.5,high_confidence,51
UTA @ WAS,UTA,Keyonte George,Estimated (Recent Starter Model),AST,5.54,4.5,7.0,high_confidence,51
UTA @ WAS,UTA,Keyonte George,Estimated (Recent Starter Model),PRA,27.03,25.0,29.5,high_confidence,51
UTA @ WAS,UTA,Keyonte George,Estimated (Recent Starter Model),3PM,2.5,1.5,3.0,high_confidence,51
UTA @ WAS,UTA,Keyonte George,Estimated (Recent Starter Model),STL,1.26,0.5,2.0,high_confidence,51
UTA @ WAS,UTA,Keyonte George,Estimated (Recent Starter Model),BLK,0.4,,1.0,high_confidence,51
UTA @ WAS,UTA,Keyonte George,Estimated (Recent Starter Model),TO,2.74,2.0,3.5,high_confidence,51
UTA @ WAS,UTA,Lauri Markkanen,Estimated (Recent Starter Model),PTS,23.99,22.0,25.5,high_confidence,43
UTA @ WAS,UTA,Lauri Markkanen,Estimated (Recent Starter Model),REB,6.43,5.0,7.5,high_confidence,43
UTA @ WAS,UTA,Lauri Markkanen,Estimated (Recent Starter Model),AST,1.79,0.5,3.0,high_confidence,43
UTA @ WAS,UTA,Lauri Markkanen,Estimated (Recent Starter Model),PRA,32.21,30.0,34.5,high_confidence,43
UTA @ WAS,UTA,Lauri Markkanen,Estimated (Recent Starter Model),3PM,2.82,2.0,3.5,high_confidence,43
UTA @ WAS,UTA,Lauri Markkanen,Estimated (Recent Starter Model),STL,0.86,,1.5,high_confidence,43
UTA @ WAS,UTA,Lauri Markkanen,Estimated (Recent Starter Model),BLK,0.44,,1.0,high_confidence,43
UTA @ WAS,UTA,Lauri Markkanen,Estimated (Recent Starter Model),TO,1.26,0.5,2.0,high_confidence,43
UTA @ WAS,WAS,Alex Sarr,Estimated (Recent Starter Model),PTS,21.24,19.5,23.0,high_confidence,41
UTA @ WAS,WAS,Alex Sarr,Estimated (Recent Starter Model),REB,7.27,6.0,8.5,high_confidence,41
UTA @ WAS,WAS,Alex Sarr,Estimated (Recent Starter Model),AST,3.03,2.0,4.5,high_confidence,41
UTA @ WAS,WAS,Alex Sarr,Estimated (Recent Starter Model),PRA,31.54,29.5,34.0,high_confidence,41
UTA @ WAS,WAS,Alex Sarr,Estimated (Recent Starter Model),3PM,1.18,0.5,2.0,high_confidence,41
UTA @ WAS,WAS,Alex Sarr,Estimated (Recent Starter Model),STL,0.93,,1.5,high_confidence,41
UTA @ WAS,WAS,Alex Sarr,Estimated (Recent Starter Model),BLK,2.65,2.0,3.5,high_confidence,41
UTA @ WAS,WAS,Alex Sarr,Estimated (Recent Starter Model),TO,1.39,0.5,2.0,high_confidence,41
UTA @ WAS,WAS,Bilal Coulibaly,Estimated (Recent Starter Model),PTS,15.56,14.0,17.5,high_confidence,41
UTA @ WAS,WAS,Bilal Coulibaly,Estimated (Recent Starter Model),REB,5.1,4.0,6.5,high_confidence,41
UTA @ WAS,WAS,Bilal Coulibaly,Estimated (Recent Starter Model),AST,3.38,2.0,4.5,high_confidence,41
UTA @ WAS,WAS,Bilal Coulibaly,Estimated (Recent Starter Model),PRA,24.04,22.0,26.5,high_confidence,41
UTA @ WAS,WAS,Bilal Coulibaly,Estimated (Recent Starter Model),3PM,1.11,0.5,2.0,high_confidence,41
UTA @ WAS,WAS,Bilal Coulibaly,Estimated (Recent Starter Model),STL,1.33,0.5,2.0,high_confidence,41
UTA @ WAS,WAS,Bilal Coulibaly,Estimated (Recent Starter Model),BLK,0.88,,1.5,high_confidence,41
UTA @ WAS,WAS,Bilal Coulibaly,Estimated (Recent Starter Model),TO,1.47,0.5,2.0,high_confidence,41
UTA @ WAS,WAS,Bub Carrington,Estimated (Recent Starter Model),PTS,11.98,10.0,13.5,high_confidence,62
UTA @ WAS,WAS,Bub Carrington,Estimated (Recent Starter Model),REB,3.89,2.5,5.0,high_confidence,62
UTA @ WAS,WAS,Bub Carrington,Estimated (Recent Starter Model),AST,6.37,5.0,7.5,high_confidence,62
UTA @ WAS,WAS,Bub Carrington,Estimated (Recent Starter Model),PRA,22.24,20.0,24.5,high_confidence,62
UTA @ WAS,WAS,Bub Carrington,Estimated (Recent Starter Model),3PM,2.31,1.5,3.0,high_confidence,62
UTA @ WAS,WAS,Bub Carrington,Estimated (Recent Starter Model),STL,0.66,,1.5,high_confidence,62
UTA @ WAS,WAS,Bub Carrington,Estimated (Recent Starter Model),BLK,0.47,,1.0,high_confidence,62
UTA @ WAS,WAS,Bub Carrington,Estimated (Recent Starter Model),TO,2.18,1.5,3.0,high_confidence,62
UTA @ WAS,WAS,Julian Reese,Estimated (Recent Starter Model),PTS,5.83,4.0,7.5,medium_confidence,2
UTA @ WAS,WAS,Julian Reese,Estimated (Recent Starter Model),REB,6.15,5.0,7.5,medium_confidence,2
UTA @ WAS,WAS,Julian Reese,Estimated (Recent Starter Model),AST,1.64,0.5,3.0,medium_confidence,2
UTA @ WAS,WAS,Julian Reese,Estimated (Recent Starter Model),PRA,13.61,11.5,16.0,medium_confidence,2
UTA @ WAS,WAS,Julian Reese,Estimated (Recent Starter Model),3PM,0.02,,1.0,medium_confidence,2
UTA @ WAS,WAS,Julian Reese,Estimated (Recent Starter Model),STL,1.73,1.0,2.5,medium_confidence,2
UTA @ WAS,WAS,Julian Reese,Estimated (Recent Starter Model),BLK,0.13,,1.0,medium_confidence,2
UTA @ WAS,WAS,Julian Reese,Estimated (Recent Starter Model),TO,2.45,1.5,3.0,medium_confidence,2
UTA @ WAS,WAS,Tre Johnson,Estimated (Recent Starter Model),PTS,16.39,14.5,18.0,high_confidence,49
UTA @ WAS,WAS,Tre Johnson,Estimated (Recent Starter Model),REB,3.06,2.0,4.5,high_confidence,49
UTA @ WAS,WAS,Tre Johnson,Estimated (Recent Starter Model),AST,1.96,0.5,3.0,high_confidence,49
UTA @ WAS,WAS,Tre Johnson,Estimated (Recent Starter Model),PRA,21.41,19.0,23.5,high_confidence,49
UTA @ WAS,WAS,Tre Johnson,Estimated (Recent Starter Model),3PM,2.04,1.5,3.0,high_confidence,49
UTA @ WAS,WAS,Tre Johnson,Estimated (Recent Starter Model),STL,0.54,,1.5,high_confidence,49
UTA @ WAS,WAS,Tre Johnson,Estimated (Recent Starter Model),BLK,0.22,,1.0,high_confidence,49
UTA @ WAS,WAS,Tre Johnson,Estimated (Recent Starter Model),TO,1.45,0.5,2.0,high_confidence,49
