player_name,team,opponent,starter,injury_status,confidence_tier,confidence_pct,adjusted_err_pct,error_margin_points,predicted_points,predicted_rebounds,predicted_assists,predicted_pra,predicted_draftkings_points,predicted_fanduel_points
AJ Johnson,DAL,ORL,0.0,,low,0.0,113.26,4.15,3.66,1.48,1.13,6.28,7.61,7.37
Aaron Holiday,HOU,GSW,0.0,,low,9.88,90.12,5.23,5.8,1.1,0.85,7.75,9.65,9.26
Ace Bailey,UTA,WAS,1.0,,low,46.3,53.7,7.45,13.88,4.82,2.04,20.74,26.12,25.77
Adou Thiero,LAL,DEN,0.0,,low,37.02,62.98,1.02,1.61,0.88,0.34,2.84,3.91,4.09
Al Horford,GSW,HOU,1.0,,low,54.63,45.37,3.9,8.59,5.08,2.34,16.02,23.19,23.66
Alondes Williams,WAS,UTA,0.0,,low,41.4,58.6,7.16,12.22,6.03,2.67,20.92,26.58,26.41
Alperen Sengun,HOU,GSW,1.0,Questionable,medium,65.89,34.11,6.94,20.35,10.19,6.46,36.99,48.05,46.9
Amen Thompson,HOU,GSW,1.0,Questionable,high,75.16,24.84,4.58,18.45,8.37,5.09,31.9,38.88,38.74
Amir Coffey,PHX,CHI,0.0,,low,5.88,94.12,3.01,3.2,1.6,0.7,5.5,7.04,7.03
Andrew Wiggins,MIA,BKN,1.0,Available,high,72.24,27.76,4.23,15.23,5.13,2.93,23.3,30.63,30.78
Anthony Black,ORL,DAL,1.0,Questionable,medium,64.62,35.38,5.13,14.51,3.83,4.59,22.92,30.2,30.05
Anthony Davis,DAL,ORL,0.0,,medium,65.54,34.46,6.05,17.54,8.23,2.47,28.25,36.14,37.29
Anthony Edwards,MIN,TOR,1.0,Questionable,high,76.96,23.04,5.99,26.0,4.96,3.14,34.1,41.41,40.15
Anthony Gill,WAS,UTA,0.0,Questionable,low,0.0,119.75,8.68,7.25,3.58,1.85,12.68,16.1,16.32
Ausar Thompson,DET,SAS,1.0,,high,72.36,27.64,2.75,9.95,5.93,3.23,19.1,27.39,29.24
Austin Reaves,LAL,DEN,1.0,,high,72.88,27.12,5.49,20.23,5.41,5.45,31.09,37.53,36.18
Ayo Dosunmu,MIN,TOR,0.0,,medium,65.72,34.28,4.56,13.3,2.57,3.8,19.67,24.45,23.87
Bam Adebayo,MIA,BKN,1.0,,high,71.25,28.75,5.43,18.89,9.96,2.86,31.71,40.39,40.64
Ben Saraf,BKN,MIA,0.0,,low,38.17,61.83,3.42,5.53,1.87,2.61,10.0,12.82,12.38
Bilal Coulibaly,WAS,UTA,1.0,,medium,56.15,43.85,6.01,13.7,5.3,3.05,22.05,30.65,32.07
Bismack Biyombo,SAS,DET,0.0,,low,50.97,49.03,0.65,1.33,1.0,0.37,2.7,3.74,3.85
Blake Hinson,UTA,WAS,0.0,,low,33.22,66.78,5.37,8.05,2.29,0.55,10.89,13.5,12.56
Bobi Klintman,DET,SAS,0.0,,low,23.55,76.45,1.08,1.42,1.94,0.44,3.8,4.94,4.73
Bones Hyland,MIN,TOR,0.0,,low,36.58,63.42,4.46,7.03,1.79,2.14,10.96,14.14,13.67
Brandin Podziemski,GSW,HOU,1.0,,medium,61.24,38.76,4.73,12.21,5.8,4.22,22.23,28.53,27.86
Brandon Ingram,TOR,MIN,1.0,Questionable,high,70.3,29.7,6.5,21.89,5.42,4.01,31.32,37.23,36.25
Brandon Williams,DAL,ORL,0.0,Questionable,low,29.6,70.4,9.52,13.52,3.08,4.29,20.89,25.41,25.2
Brice Sensabaugh,UTA,WAS,0.0,,low,44.24,55.76,7.75,13.9,3.49,1.65,19.04,22.48,21.48
Bronny James,LAL,DEN,0.0,,low,20.64,79.36,1.59,2.0,0.65,0.9,3.55,5.03,4.99
Bruce Brown,DEN,LAL,0.0,,low,51.6,48.4,3.09,6.39,3.78,2.79,12.96,17.61,17.78
Bryce McGowens,NOP,SAC,0.0,,low,28.21,71.79,6.09,8.49,2.0,1.52,12.0,15.07,15.05
Bub Carrington,WAS,UTA,0.0,,medium,67.37,32.63,2.85,8.74,4.11,5.93,18.78,24.12,22.46
Cade Cunningham,DET,SAS,1.0,,high,84.59,15.41,3.8,24.69,6.24,10.44,41.37,54.02,51.86
Caleb Martin,DAL,ORL,0.0,,low,13.97,86.03,4.52,5.25,2.99,1.43,9.68,12.69,12.99
Cameron Johnson,DEN,LAL,1.0,Questionable,low,54.17,45.83,5.77,12.59,3.57,2.24,18.4,22.99,22.61
Caris LeVert,DET,SAS,0.0,,medium,55.44,44.56,3.17,7.12,1.72,2.09,10.94,14.6,14.68
Carter Bryant,SAS,DET,0.0,,low,38.31,61.69,2.38,3.86,2.53,0.72,7.11,9.15,8.62
Chaz Lanier,DET,SAS,0.0,,low,24.7,75.3,1.95,2.59,0.69,0.56,3.84,4.97,4.79
Chris Mañon,LAL,DEN,0.0,,medium,60.91,39.09,0.42,1.07,0.55,0.27,1.89,3.68,4.32
Christian Braun,DEN,LAL,1.0,,medium,57.97,42.03,5.01,11.92,4.38,3.19,19.5,23.72,23.26
Clint Capela,HOU,GSW,0.0,,low,47.59,52.41,1.8,3.44,5.3,0.42,9.16,12.69,13.3
Cody Williams,UTA,WAS,1.0,,low,29.11,70.89,5.52,7.79,3.45,1.46,12.7,17.23,17.94
Colby Jones,DET,SAS,0.0,,high,95.0,5.0,0.1,1.9,4.0,1.96,7.86,9.89,9.66
Collin Gillespie,PHX,CHI,1.0,,high,72.2,27.8,4.17,14.99,4.02,6.23,25.24,33.66,32.29
Collin Sexton,CHI,PHX,1.0,,medium,65.81,34.19,5.02,14.68,3.51,2.96,21.15,26.26,25.57
Cooper Flagg,DAL,ORL,1.0,Questionable,medium,59.81,40.19,7.47,18.58,5.09,3.3,26.97,34.09,34.67
D'Angelo Russell,DAL,ORL,0.0,,low,34.38,65.62,5.29,8.07,2.11,2.89,13.06,15.55,14.55
DaRon Holmes II,DEN,LAL,0.0,,low,17.93,82.07,2.77,3.38,1.45,0.89,5.71,7.27,7.02
Daeqwon Plowden,SAC,NOP,0.0,,low,20.5,79.5,4.9,6.16,3.14,1.21,10.51,13.25,12.9
Dalton Knecht,LAL,DEN,0.0,,low,27.24,72.76,2.48,3.41,1.12,0.31,4.85,6.18,6.09
Daniel Gafford,DAL,ORL,1.0,,low,51.33,48.67,4.27,8.78,7.58,1.24,17.59,23.68,24.73
Daniss Jenkins,DET,SAS,0.0,,low,16.6,83.4,4.19,5.03,1.66,2.04,8.73,11.59,11.47
Danny Wolf,BKN,MIA,0.0,,low,34.57,65.43,5.55,8.48,5.3,2.68,16.46,21.14,20.66
Dario Šarić,SAC,NOP,0.0,,low,32.65,67.35,0.52,0.77,0.84,0.37,1.98,2.53,2.27
Davion Mitchell,MIA,BKN,1.0,Available,medium,62.5,37.5,3.14,8.37,2.61,6.37,17.36,23.79,23.76
Day'Ron Sharpe,BKN,MIA,0.0,,medium,59.74,40.26,3.2,7.94,6.75,2.2,16.89,22.06,22.41
De'Aaron Fox,SAS,DET,1.0,,high,73.92,26.08,5.1,19.54,3.42,5.57,28.53,34.49,33.61
De'Anthony Melton,GSW,HOU,1.0,,low,45.88,54.12,7.41,13.68,2.97,2.23,18.88,24.73,25.08
DeAndre Jordan,NOP,SAC,1.0,,medium,58.25,41.75,2.79,6.69,9.24,1.11,17.04,21.91,22.1
DeMar DeRozan,SAC,NOP,1.0,,high,70.58,29.42,5.24,17.83,3.44,4.75,26.02,30.67,30.23
Deandre Ayton,LAL,DEN,1.0,,medium,67.6,32.4,4.0,12.35,7.51,1.08,20.94,25.38,25.71
Derik Queen,NOP,SAC,0.0,,medium,63.14,36.86,3.6,9.76,6.27,3.2,19.23,25.09,25.4
Desmond Bane,ORL,DAL,1.0,,high,70.69,29.31,6.02,20.55,3.87,3.78,28.2,34.58,34.21
Devin Booker,PHX,CHI,1.0,,high,76.55,23.45,5.43,23.16,3.61,6.35,33.12,39.17,37.85
Devin Carter,SAC,NOP,0.0,,low,2.17,97.83,7.33,7.49,1.94,2.34,11.76,15.01,15.29
Devin Vassell,SAS,DET,1.0,,medium,67.39,32.61,4.31,13.23,4.94,2.08,20.24,26.2,25.24
Donte DiVincenzo,MIN,TOR,1.0,,high,70.73,29.27,3.61,12.32,4.38,4.7,21.39,28.23,27.22
Dorian Finney-Smith,HOU,GSW,0.0,,low,49.31,50.69,1.58,3.11,2.02,0.68,5.81,7.79,7.51
Doug McDermott,SAC,NOP,0.0,,low,24.42,75.58,3.23,4.28,0.63,0.4,5.31,6.76,6.12
Draymond Green,GSW,HOU,1.0,,medium,60.86,39.14,3.35,8.56,5.09,4.48,18.13,23.65,22.75
Drew Eubanks,SAC,NOP,0.0,,low,30.45,69.55,3.6,5.18,2.34,0.36,7.88,10.3,10.88
Drew Timme,LAL,DEN,0.0,,low,0.0,104.05,3.17,3.05,1.07,0.72,4.84,6.0,5.93
Dru Smith,MIA,BKN,0.0,Available,low,39.24,60.76,2.94,4.83,2.59,2.65,10.07,15.79,16.92
Duncan Robinson,DET,SAS,1.0,,medium,60.29,39.71,5.11,12.88,2.57,2.02,17.47,22.14,21.31
Dwight Powell,DAL,ORL,0.0,,low,0.21,99.79,4.16,4.17,4.53,0.92,9.62,13.25,13.84
Dylan Harper,SAS,DET,0.0,,medium,56.23,43.77,4.88,11.15,2.83,3.27,17.25,21.09,20.48
Egor Dëmin,BKN,MIA,0.0,,low,46.41,53.59,4.55,8.49,2.92,2.72,14.13,18.8,17.93
Elijah Harkless,UTA,WAS,0.0,,low,18.23,81.77,3.73,4.57,1.71,2.22,8.49,12.76,13.49
Emanuel Miller,CHI,PHX,0.0,,low,39.75,60.25,1.53,2.54,0.48,0.64,3.66,4.9,5.04
Garrett Temple,TOR,MIN,0.0,,low,47.93,52.07,0.52,1.0,0.49,0.29,1.78,2.47,2.59
Gary Payton II,GSW,HOU,0.0,Questionable,low,0.0,109.2,6.49,5.94,2.71,1.74,10.4,13.48,13.49
Goga Bitadze,ORL,DAL,0.0,,low,54.26,45.74,2.48,5.42,5.62,1.07,12.11,17.7,19.08
Gradey Dick,TOR,MIN,0.0,,low,25.01,74.99,3.27,4.37,1.77,0.59,6.72,8.52,8.38
Grant Nelson,BKN,MIA,0.0,,low,20.14,79.86,4.49,5.63,1.86,1.42,8.91,13.59,14.96
Grayson Allen,PHX,CHI,0.0,,medium,65.0,35.0,5.97,17.06,2.84,4.36,24.26,31.71,30.76
Guerschon Yabusele,CHI,PHX,1.0,,low,41.74,58.26,5.39,9.26,5.43,2.53,17.21,21.75,20.95
Gui Santos,GSW,HOU,1.0,,low,26.08,73.92,6.0,8.12,6.1,2.59,16.82,23.76,24.3
Herbert Jones,NOP,SAC,1.0,,low,54.18,45.82,4.36,9.53,4.77,2.98,17.28,24.78,25.67
Hunter Tyson,DEN,LAL,0.0,,low,33.5,66.5,1.18,1.77,1.35,0.54,3.66,4.59,4.38
Immanuel Quickley,TOR,MIN,1.0,,high,75.07,24.93,3.85,15.42,3.9,6.89,26.21,33.37,32.08
Isaac Jones,DET,SAS,0.0,,low,0.0,119.6,2.3,1.92,0.4,0.27,2.59,2.95,2.93
Isaac Okoro,CHI,PHX,1.0,,medium,55.88,44.12,3.58,8.12,2.76,2.4,13.28,17.86,18.11
Isaiah Collier,UTA,WAS,1.0,,medium,62.16,37.84,5.57,14.72,3.78,8.68,27.18,35.86,36.55
Isaiah Crawford,HOU,GSW,0.0,,low,10.36,89.64,1.07,1.19,0.69,0.36,2.24,3.65,3.91
Isaiah Livers,PHX,CHI,0.0,,low,36.81,63.19,1.3,2.06,1.98,0.65,4.7,6.68,6.81
Isaiah Stevens,SAC,NOP,0.0,,low,43.53,56.47,1.94,3.43,1.01,3.69,8.13,13.73,15.24
Isaiah Stewart,DET,SAS,0.0,,medium,60.52,39.48,3.28,8.31,4.81,1.05,14.16,19.99,21.19
JD Davison,HOU,GSW,0.0,,low,20.56,79.44,1.62,2.03,0.89,0.91,3.84,5.18,5.13
Ja'Kobe Walter,TOR,MIN,0.0,,low,28.42,71.58,4.05,5.66,2.0,1.02,8.68,12.1,12.22
Jabari Smith Jr.,HOU,GSW,1.0,Questionable,medium,67.99,32.01,4.34,13.55,8.47,1.73,23.76,30.41,29.95
Jaden Hardy,WAS,UTA,0.0,,low,9.05,90.95,10.93,12.01,1.83,1.87,15.71,18.55,17.34
Jaden McDaniels,MIN,TOR,1.0,,medium,64.36,35.64,5.16,14.48,4.62,2.45,21.55,27.67,27.7
Jahmir Young,MIA,BKN,0.0,,low,46.3,53.7,0.89,1.66,0.56,0.63,2.85,3.76,3.66
Jaime Jaquez Jr.,MIA,BKN,0.0,,medium,66.65,33.35,4.56,13.69,4.86,4.49,23.04,27.81,27.22
Jake LaRavia,LAL,DEN,0.0,,low,46.77,53.23,4.19,7.87,3.27,1.44,12.59,17.51,18.08
Jakob Poeltl,TOR,MIN,1.0,,medium,59.42,40.58,3.73,9.2,7.87,2.21,19.28,24.78,25.22
Jalen Duren,DET,SAS,1.0,,high,76.5,23.5,4.32,18.37,10.73,1.94,31.04,38.77,37.34
Jalen Green,PHX,CHI,1.0,,medium,56.68,43.32,7.97,18.4,3.63,2.09,24.13,30.0,28.99
Jalen Pickett,DEN,LAL,0.0,,low,8.99,91.01,4.43,4.86,2.25,1.86,8.97,11.48,10.94
Jalen Smith,CHI,PHX,0.0,Doubtful,low,53.83,46.17,4.14,8.97,6.44,1.04,16.46,21.11,20.66
Jalen Suggs,ORL,DAL,1.0,,high,70.43,29.57,4.21,14.23,4.11,5.27,23.62,32.82,33.39
Jalen Wilson,BKN,MIA,0.0,,low,13.81,86.19,3.16,3.67,1.37,0.55,5.58,7.12,6.81
Jamal Cain,ORL,DAL,0.0,,low,20.95,79.05,1.77,2.23,0.86,0.37,3.46,4.48,4.49
Jamal Murray,DEN,LAL,1.0,,high,77.35,22.65,5.23,23.08,3.98,7.25,34.3,42.44,40.9
Jamal Shead,TOR,MIN,0.0,,medium,59.24,40.76,2.85,6.99,2.04,5.22,14.25,19.36,19.21
Jamaree Bouyea,PHX,CHI,0.0,,low,29.75,70.25,4.71,6.7,2.36,1.74,10.8,14.6,15.09
Jamison Battle,TOR,MIN,0.0,,low,38.65,61.35,1.63,2.66,1.15,0.39,4.2,5.13,4.84
Jaren Jackson Jr.,UTA,WAS,0.0,,high,72.99,27.01,4.73,17.52,4.99,1.84,24.35,31.01,31.48
Jarred Vanderbilt,LAL,DEN,0.0,,low,39.46,60.54,2.5,4.13,3.15,1.01,8.29,11.86,12.05
Jase Richardson,ORL,DAL,0.0,,low,0.0,109.49,4.42,4.04,1.21,1.04,6.29,7.81,7.59
Javonte Green,DET,SAS,0.0,,low,37.38,62.62,3.8,6.07,2.46,0.64,9.18,13.14,13.72
Jaxson Hayes,LAL,DEN,0.0,,medium,60.85,39.15,2.46,6.28,3.88,0.86,11.02,14.14,14.68
Jaylen Clark,MIN,TOR,0.0,Questionable,low,31.23,68.77,2.14,3.11,1.68,0.34,5.12,6.82,6.93
Jeff Green,HOU,GSW,0.0,,low,41.49,58.51,1.58,2.7,0.97,0.3,3.97,4.83,4.61
Jeremiah Fears,NOP,SAC,0.0,,medium,63.95,36.05,4.78,13.25,3.92,2.87,20.03,24.13,23.18
Jeremiah Robinson-Earl,DAL,ORL,0.0,,low,14.29,85.71,3.45,4.02,4.41,0.51,8.93,11.3,11.22
Jett Howard,ORL,DAL,0.0,,low,0.0,105.94,5.43,5.12,1.61,0.94,7.67,9.86,9.55
Jevon Carter,ORL,DAL,0.0,,low,0.0,114.16,8.29,7.26,2.26,1.91,11.43,15.96,15.63
Jimmy Butler III,GSW,HOU,0.0,,high,72.94,27.06,4.96,18.33,4.29,3.24,25.86,31.29,31.67
Joan Beringer,MIN,TOR,0.0,,low,19.44,80.56,2.53,3.14,2.56,0.23,5.93,7.64,7.89
John Konchar,UTA,WAS,1.0,,low,26.39,73.61,3.58,4.86,5.21,2.11,12.18,20.72,22.98
John Poulakidas,DAL,ORL,0.0,Doubtful,high,95.0,5.0,0.01,0.23,5.04,1.95,7.22,9.04,8.33
Johnny Juzang,MIN,TOR,0.0,,low,45.0,55.0,1.16,2.12,0.83,0.26,3.21,3.79,3.61
Jonas Valančiūnas,DEN,LAL,0.0,,medium,69.18,30.82,2.63,8.54,4.27,1.12,13.93,16.72,16.71
Jonathan Isaac,ORL,DAL,0.0,Questionable,low,7.86,92.14,2.38,2.58,2.46,0.41,5.45,8.13,8.79
Jonathan Mogbo,TOR,MIN,0.0,,low,31.2,68.8,0.9,1.31,1.45,0.41,3.16,4.33,4.49
Jordan Hawkins,NOP,SAC,0.0,,low,26.31,73.69,2.11,2.86,1.4,0.57,4.83,6.1,5.83
Jordan McLaughlin,SAS,DET,0.0,,low,33.08,66.92,1.58,2.36,0.92,0.98,4.26,5.82,5.84
Jordan Poole,NOP,SAC,0.0,,low,37.24,62.76,7.7,12.27,2.18,3.02,17.47,21.82,20.99
Josh Giddey,CHI,PHX,0.0,Questionable,high,79.57,20.43,3.33,16.29,6.4,7.12,29.8,37.35,35.72
Josh Minott,BKN,MIA,0.0,,low,0.0,105.3,5.36,5.09,3.1,0.86,9.04,12.19,12.32
Josh Okogie,HOU,GSW,0.0,,low,10.99,89.01,3.36,3.77,2.45,0.76,6.99,10.16,10.5
Julian Champagnie,SAS,DET,1.0,,medium,58.85,41.15,4.24,10.31,5.94,1.16,17.41,23.15,22.66
Julian Phillips,MIN,TOR,0.0,,low,16.27,83.73,2.35,2.8,0.88,0.16,3.85,5.27,5.39
Julian Reese,WAS,UTA,1.0,,low,31.98,68.02,3.63,5.34,5.96,1.66,12.96,17.86,18.19
Julian Strawther,DEN,LAL,1.0,,low,5.34,94.66,9.44,9.97,3.08,1.66,14.71,18.39,17.75
Julius Randle,MIN,TOR,1.0,,high,81.59,18.41,4.21,22.86,6.97,5.16,35.0,40.44,39.1
Justin Champagnie,WAS,UTA,0.0,,low,24.08,75.92,7.27,9.57,6.58,1.25,17.4,22.9,23.41
Jusuf Nurkić,UTA,WAS,0.0,,high,71.4,28.6,2.7,9.43,8.92,4.34,22.69,29.71,29.53
KJ Simpson,DEN,LAL,0.0,,low,8.81,91.19,3.86,4.23,1.55,2.09,7.86,11.37,11.48
Kadary Richmond,WAS,UTA,0.0,,medium,56.26,43.74,3.18,7.26,2.9,2.72,12.88,20.69,22.79
Karlo Matković,NOP,SAC,0.0,,low,48.69,51.31,2.76,5.37,3.8,0.92,10.09,14.78,15.63
Kasparas Jakučionis,MIA,BKN,0.0,,low,2.79,97.21,4.82,4.95,2.14,2.71,9.8,13.25,12.93
Kel'el Ware,MIA,BKN,0.0,,medium,58.48,41.52,5.65,13.6,9.41,1.0,24.01,33.06,34.56
Keldon Johnson,SAS,DET,0.0,,medium,62.35,37.65,4.52,12.0,5.91,1.18,19.09,22.45,21.77
Kelly Olynyk,SAS,DET,0.0,,low,22.93,77.07,2.38,3.08,1.79,0.96,5.83,7.34,7.16
Keshon Gilbert,WAS,UTA,0.0,,low,39.88,60.12,0.62,1.03,1.49,0.91,3.43,7.76,8.99
Kevin Durant,HOU,GSW,1.0,,high,71.65,28.35,7.72,27.24,5.17,4.65,37.07,43.7,42.47
Kevin Huerter,DET,SAS,0.0,,low,27.97,72.03,4.88,6.78,2.13,1.36,10.27,13.77,13.9
Kevin Love,UTA,WAS,0.0,,low,35.82,64.18,3.89,6.07,5.41,1.57,13.05,16.73,16.15
Kevon Looney,NOP,SAC,0.0,,low,47.94,52.06,1.41,2.7,5.1,1.12,8.92,11.86,12.03
Keyonte George,UTA,WAS,0.0,,medium,65.23,34.77,8.52,24.52,3.56,5.78,33.86,40.44,38.85
Khaman Maluach,PHX,CHI,0.0,,low,29.63,70.37,1.33,1.89,2.41,0.27,4.57,6.4,6.57
Khris Middleton,DAL,ORL,1.0,,low,52.81,47.19,5.82,12.33,4.52,2.98,19.82,23.85,23.25
Killian Hayes,SAC,NOP,0.0,,low,46.42,53.58,1.37,2.55,1.11,2.94,6.61,9.3,9.22
Klay Thompson,DAL,ORL,0.0,Probable,medium,59.27,40.73,4.14,10.18,2.22,1.39,13.79,17.57,16.56
Kobe Bufkin,LAL,DEN,0.0,,low,24.77,75.23,1.91,2.54,0.75,0.46,3.74,5.03,5.12
Koby Brea,PHX,CHI,0.0,,medium,58.37,41.63,1.31,3.15,0.5,0.58,4.24,5.23,4.93
Kristaps Porziņģis,GSW,HOU,0.0,,medium,59.91,40.09,4.79,11.96,3.06,2.44,17.46,22.65,22.79
Kyle Anderson,MIN,TOR,0.0,,low,45.68,54.32,2.33,4.3,2.69,1.72,8.7,12.78,13.56
Kyle Filipowski,UTA,WAS,1.0,,medium,60.95,39.05,4.32,11.07,8.43,2.16,21.66,27.0,26.43
LJ Cryer,GSW,HOU,0.0,,low,40.86,59.14,1.38,2.33,0.35,0.12,2.81,3.32,3.01
Lachlan Olbrich,CHI,PHX,0.0,,low,33.57,66.43,0.65,0.98,1.95,0.64,3.57,4.98,5.04
Lauri Markkanen,UTA,WAS,0.0,,high,76.91,23.09,5.82,25.22,6.02,1.87,33.11,38.82,37.56
LeBron James,LAL,DEN,1.0,,high,80.74,19.26,4.04,20.95,5.99,7.2,34.14,41.74,40.8
Leaky Black,WAS,UTA,1.0,,high,72.54,27.46,1.65,6.02,7.89,0.62,14.53,21.19,22.95
Leonard Miller,CHI,PHX,1.0,,low,17.87,82.13,4.85,5.91,3.42,1.28,10.62,13.65,13.52
Lindy Waters III,SAS,DET,0.0,,low,37.85,62.15,1.48,2.38,0.96,0.47,3.82,4.79,4.45
Luka Dončić,LAL,DEN,1.0,,high,88.55,11.45,3.27,28.59,7.76,8.47,44.81,54.31,52.39
Luke Kennard,LAL,DEN,0.0,,low,51.14,48.86,3.73,7.63,2.18,2.21,12.02,15.52,15.0
Luke Kornet,SAS,DET,0.0,,medium,64.05,35.95,1.97,5.49,5.79,1.45,12.73,16.89,17.45
Mac McClung,CHI,PHX,0.0,,low,0.0,140.44,6.84,4.87,1.24,0.56,6.67,9.89,10.62
Malaki Branham,WAS,UTA,0.0,,low,6.68,93.32,5.81,6.23,1.72,0.86,8.81,10.48,10.16
Malevy Leons,GSW,HOU,0.0,,low,0.0,127.22,3.1,2.44,2.09,0.39,4.92,6.78,7.12
Malik Monk,SAC,NOP,0.0,,low,37.99,62.01,7.94,12.81,1.88,3.28,17.97,22.36,21.45
Marcus Sasser,DET,SAS,0.0,,low,0.0,102.38,5.08,4.96,0.9,1.29,7.16,9.12,8.91
Marcus Smart,LAL,DEN,1.0,,low,48.61,51.39,5.13,9.98,3.31,3.25,16.54,23.54,24.08
Marvin Bagley III,DAL,ORL,0.0,,medium,65.45,34.55,3.66,10.6,7.37,1.8,19.78,24.62,24.82
Matas Buzelis,CHI,PHX,0.0,,medium,65.18,34.82,3.92,11.27,5.06,2.31,18.64,24.61,23.84
Max Christie,DAL,ORL,1.0,,low,49.42,50.58,6.81,13.47,3.77,2.32,19.56,24.12,23.16
Maxi Kleber,LAL,DEN,0.0,,low,29.31,70.69,1.45,2.05,1.88,0.55,4.47,6.29,6.5
Maxime Raynaud,SAC,NOP,1.0,,low,48.51,51.49,7.15,13.89,10.07,1.69,25.66,31.55,29.48
Micah Peavy,NOP,SAC,0.0,,low,23.94,76.06,2.55,3.36,1.68,0.82,5.87,7.69,7.78
Michael Porter Jr.,BKN,MIA,1.0,,high,75.38,24.62,6.5,26.39,7.05,2.96,36.39,42.75,40.61
Mike Conley,MIN,TOR,0.0,,low,46.08,53.92,1.84,3.41,1.49,2.81,7.71,11.0,10.99
Miles Kelly,DAL,ORL,0.0,,low,0.0,103.32,3.68,3.56,1.63,0.83,6.02,7.62,7.26
Mo Bamba,UTA,WAS,0.0,,low,0.0,153.61,3.05,1.99,3.53,0.4,5.92,9.11,9.81
Moritz Wagner,ORL,DAL,0.0,,low,45.84,54.16,5.09,9.4,3.16,0.79,13.35,15.86,15.66
Moussa Cisse,DAL,ORL,0.0,Doubtful,low,0.0,126.97,4.99,3.93,4.84,0.26,9.03,13.61,14.59
Myron Gardner,MIA,BKN,0.0,,low,0.0,105.75,3.72,3.51,2.14,0.85,6.5,8.72,8.78
Naji Marshall,DAL,ORL,0.0,Probable,medium,60.01,39.99,5.48,13.72,4.85,2.64,21.2,24.98,24.44
Nate Williams,GSW,HOU,0.0,,medium,68.39,31.61,3.7,11.7,1.5,2.08,15.29,18.25,17.16
Naz Reid,MIN,TOR,0.0,,medium,59.79,40.21,4.95,12.31,5.72,2.14,20.17,26.62,26.3
Nic Claxton,BKN,MIA,1.0,,high,73.63,26.37,3.78,14.33,7.14,3.6,25.08,31.34,31.97
Nick Richards,CHI,PHX,0.0,,low,42.93,57.07,5.49,9.61,6.8,0.2,16.61,20.48,20.75
Nick Smith Jr.,LAL,DEN,0.0,,low,10.18,89.82,4.72,5.26,0.78,0.94,6.99,8.56,8.13
Nigel Hayes-Davis,PHX,CHI,0.0,,low,46.6,53.4,0.65,1.21,0.97,0.28,2.47,3.45,3.6
Nikola Jokić,DEN,LAL,1.0,,high,90.29,9.71,2.72,28.05,10.63,9.4,48.08,59.32,56.05
Nikola Jović,MIA,BKN,0.0,,low,11.89,88.11,4.07,4.62,2.52,1.78,8.92,11.69,11.48
Nique Clifford,SAC,NOP,1.0,,low,35.38,64.62,5.12,7.92,5.95,4.19,18.07,26.14,26.78
Noah Clowney,BKN,MIA,1.0,,low,53.64,46.36,7.53,16.25,5.02,1.65,22.92,28.51,28.09
Noah Penda,ORL,DAL,0.0,,low,15.02,84.98,4.17,4.9,4.34,0.97,10.22,13.57,13.69
Nolan Traore,BKN,MIA,1.0,,low,38.37,61.63,8.03,13.03,2.36,3.98,19.37,23.38,22.13
Ochai Agbaji,BKN,MIA,0.0,,low,17.29,82.71,2.98,3.6,2.17,0.73,6.51,8.54,8.63
Orlando Robinson,ORL,DAL,0.0,,low,1.01,98.99,1.46,1.47,0.79,0.61,2.88,3.98,4.07
Oscar Tshiebwe,UTA,WAS,0.0,,low,36.41,63.59,2.58,4.06,3.57,0.74,8.37,10.22,10.22
Oso Ighodaro,PHX,CHI,1.0,,low,52.4,47.6,3.4,7.13,7.41,2.9,17.44,24.59,25.73
P.J. Washington,DAL,ORL,1.0,,medium,56.0,44.0,6.46,14.68,7.06,2.02,23.76,30.45,30.73
Paolo Banchero,ORL,DAL,1.0,,high,77.37,22.63,5.25,23.18,9.11,5.45,37.74,44.72,43.36
Pat Spencer,GSW,HOU,0.0,,low,0.0,110.75,7.6,6.86,2.14,3.21,12.22,15.68,15.29
Patrick Baldwin Jr.,SAC,NOP,0.0,,low,0.0,102.01,3.19,3.13,1.96,0.4,5.49,7.83,8.08
Patrick Williams,CHI,PHX,0.0,Doubtful,low,27.26,72.74,4.56,6.27,2.86,1.88,11.02,14.76,14.43
Paul Reed,DET,SAS,0.0,,low,23.77,76.23,5.57,7.31,3.75,0.95,12.01,15.66,16.21
Pelle Larsson,MIA,BKN,1.0,Available,low,35.62,64.38,6.75,10.49,3.63,3.52,17.64,22.3,22.14
Precious Achiuwa,SAC,NOP,1.0,,low,50.11,49.89,4.86,9.74,7.71,1.72,19.17,25.83,26.81
Quinten Post,GSW,HOU,0.0,,low,15.48,84.52,5.78,6.84,3.24,1.1,11.18,16.29,16.95
RJ Barrett,TOR,MIN,1.0,,high,78.74,21.26,3.96,18.61,5.4,3.54,27.56,32.88,31.98
Rasheer Fleming,PHX,CHI,0.0,,low,31.72,68.28,2.26,3.31,2.42,0.48,6.21,8.23,8.07
Reed Sheppard,HOU,GSW,0.0,,medium,58.63,41.37,5.37,12.97,3.59,5.25,21.81,29.62,29.18
Riley Minix,SAS,DET,0.0,,low,0.0,114.39,4.24,3.7,0.55,0.31,4.56,5.54,5.54
Rob Dillingham,CHI,PHX,0.0,,low,31.23,68.77,2.57,3.73,2.24,3.1,9.08,12.74,12.6
Ronald Holland II,DET,SAS,0.0,,low,52.89,47.11,3.88,8.23,4.29,1.37,13.89,18.33,18.76
Royce O'Neale,PHX,CHI,1.0,,medium,68.75,31.25,3.38,10.82,5.42,3.21,19.44,25.96,25.03
Rudy Gobert,MIN,TOR,1.0,,high,76.81,23.19,2.38,10.26,10.94,1.49,22.69,33.41,33.88
Rui Hachimura,LAL,DEN,0.0,,low,47.67,52.33,5.45,10.42,2.86,0.76,14.04,17.0,16.45
Russell Westbrook,SAC,NOP,1.0,,high,71.88,28.12,4.53,16.12,4.27,5.97,26.37,32.76,31.21
Ryan Dunn,PHX,CHI,0.0,,medium,56.9,43.1,2.38,5.53,4.01,1.46,11.0,15.23,15.46
Ryan Nembhard,DAL,ORL,0.0,,low,33.78,66.22,4.39,6.64,1.98,4.7,13.31,16.59,15.7
Saddiq Bey,NOP,SAC,1.0,,high,71.62,28.38,5.71,20.11,6.17,3.03,29.31,34.41,33.24
Sandro Mamukelashvili,TOR,MIN,0.0,,low,52.14,47.86,5.48,11.45,4.43,1.83,17.71,22.07,21.93
Scottie Barnes,TOR,MIN,1.0,,high,81.51,18.49,3.61,19.51,7.7,4.63,31.83,40.31,40.71
Sharife Cooper,WAS,UTA,0.0,,low,0.0,120.12,13.6,11.32,2.5,2.98,16.8,19.6,18.91
Skal Labissiere,WAS,UTA,0.0,,low,0.0,160.0,7.33,4.58,2.73,0.9,8.21,10.98,11.35
Stanley Umude,SAS,DET,0.0,,low,53.04,46.96,0.52,1.1,0.14,0.55,1.8,3.03,3.46
Stephon Castle,SAS,DET,1.0,,high,77.78,22.22,3.65,16.45,4.57,6.35,27.36,34.49,33.99
Svi Mykhailiuk,UTA,WAS,0.0,,low,46.06,53.94,5.16,9.56,2.6,1.91,14.08,17.45,16.62
Tari Eason,HOU,GSW,1.0,,medium,62.02,37.98,4.58,12.05,6.58,1.76,20.39,26.51,26.02
Terance Mann,BKN,MIA,1.0,,low,49.98,50.02,4.14,8.27,3.46,2.99,14.71,18.89,18.67
Terrence Shannon Jr.,MIN,TOR,0.0,,low,20.83,79.17,2.86,3.61,0.98,0.45,5.05,6.07,5.8
Tim Hardaway Jr.,DEN,LAL,0.0,,medium,62.46,37.54,5.17,13.78,2.34,1.74,17.87,23.77,23.53
Tobias Harris,DET,SAS,1.0,,medium,57.56,42.44,6.22,14.67,5.53,2.31,22.51,27.35,26.86
Trayce Jackson-Davis,TOR,MIN,0.0,,low,0.0,100.64,3.16,3.14,3.64,0.69,7.48,9.74,9.97
Tre Johnson,WAS,UTA,1.0,,medium,61.23,38.77,6.97,17.97,2.96,2.28,23.21,27.27,26.3
Tre Jones,CHI,PHX,1.0,,high,70.09,29.91,3.53,11.79,3.66,5.44,20.9,27.15,27.29
Trentyn Flowers,CHI,PHX,0.0,,low,27.66,72.34,1.61,2.23,0.46,0.48,3.16,3.35,3.1
Trevor Keels,MIA,BKN,0.0,Available,high,95.0,5.0,0.01,0.25,0.99,0.06,1.31,1.62,1.57
Trey Murphy III,NOP,SAC,1.0,,high,78.11,21.89,5.09,23.27,6.06,4.67,34.01,42.66,41.41
Tristan da Silva,ORL,DAL,0.0,,low,33.08,66.92,6.44,9.63,5.28,1.41,16.32,21.09,20.76
Tyler Herro,MIA,BKN,1.0,,high,74.43,25.57,5.54,21.68,4.16,3.9,29.74,35.21,34.03
Tyus Jones,DAL,ORL,0.0,,low,25.07,74.93,2.18,2.91,1.02,2.8,6.73,10.16,10.58
Victor Wembanyama,SAS,DET,1.0,,high,84.94,15.06,3.29,21.82,13.27,2.54,37.64,54.04,55.5
Vince Williams Jr.,UTA,WAS,0.0,,low,36.19,63.81,2.72,4.26,3.06,3.08,10.4,14.34,13.83
Walker Kessler,UTA,WAS,0.0,,low,52.9,47.1,6.21,13.19,10.56,2.47,26.21,38.19,37.95
Wendell Carter Jr.,ORL,DAL,1.0,Questionable,medium,64.18,35.82,4.13,11.54,8.51,2.41,22.45,28.29,28.23
Will Riley,WAS,UTA,0.0,,low,34.66,65.34,7.42,11.36,3.18,2.83,17.37,22.13,21.93
Yuki Kawamura,CHI,PHX,0.0,,low,9.35,90.65,2.79,3.08,2.38,4.37,9.82,14.94,15.34
Yves Missi,NOP,SAC,0.0,,low,49.48,50.52,2.64,5.22,5.59,0.89,11.69,16.6,17.71
Zeke Nnaji,DEN,LAL,0.0,,low,27.71,72.29,2.22,3.07,1.95,0.46,5.47,7.55,7.86
Ziaire Williams,BKN,MIA,0.0,,low,35.52,64.48,6.01,9.33,2.8,0.96,13.09,17.85,18.08
Zion Williamson,NOP,SAC,1.0,Questionable,medium,67.19,32.81,7.37,22.47,5.88,3.45,31.8,37.1,37.35
